type,label,text
train,0,PoliticsNYCbaseballbeerViews are my own
train,0,BullsBearsBlackhawksHardened Democrat #Resistance
train,0,working in social media in higher ed marathon ultramarathon runner @cityrunningtour PHL manager squirrel lover #Rocky50k organizer MPH student
train,0,YouTuber ActorSnap/IGTomaszAndres
train,1,WriterEclectic CommentatorAuthor of the weekly blog Astoria Charactershttps://tco/7hx6PUVr1cnruhling on Instagram
train,0,Christian wife and mother#gamerwife #swimmom #woodsidebible #kidsministryHuge Detroit Sports FanESPN addictLove Reading (especially mysteriesand Music
train,1,https://tco/SXdj7VvRfc
train,0,Just someone who's always in search of a good timeLeader of Guild HeroixCurrent Let's Play#32 Hyrule Warriors
train,0,Assistant Professor of Political ScienceUniversity of California San Diego
train,1,"CEO Easter Seals AlbertaFreshii Franchise PartnerHusband,FatherGrandfathernot necessarily in that order"
train,1,I want youğŸ’«ğŸ’«https://tco/NUKSdVA0mZ
train,0,problema!
train,0,Trans womanLate 20sPunchyWhen I raise this swordso I wish that this poor sinner will receive eternal lifeRTs are not endorsementsRT not endorsed
train,1,#Christian #MAGAğŸ‡ºğŸ‡¸ğŸ•âœ¡ğŸ‡®ğŸ‡±â¤ï¸ğŸŒğŸ—ºï¸Loves GOD PeoplePlunder Hell to populate HeavenJohn 3:16Romans 10:9John 14:6#covfefe ğŸ†ğŸ¦…#OneNationUnderGODâ£In GOD's hands!
train,1,Tweeting interesting deep learning papers from each arXiv releasePowered by a neural network trained on @Miles_Brundage tweetsCreated by @amaub
train,0,Gucke die ganze Nacht aus dem Fenster und schlafe immer aus
train,0,I grieve for my countrythe innocentand the worldMost daysI spend too much time on TwitterSome days I retweet incessantly#Resistance #FBPE
train,0,Spokesman@JewishAgency for IsraelPreviously at @IDFSpokesperson@HillelIntl@HouseForeign@IsraelinUSAPretty JewishNo big whoopavi@avimayercom
train,0,In no particular orderMathPedagogyMathStudent AffairsMathSTEMMathDiversity EquityMathHigher EdMathPoetryMathGeekeryMathMath
train,0,Official Twitter account of https://tco/roTeseRRPxhomepage for the world's future success stories
train,1,Tweets related to hentaiwhether it be comments or english dub linesEroge is also includedsome lines may be edited for lengthAlsoa bot
train,0,PhD candidate studying drought impacts on vegetation production and carbon uptake at the University of Arizona
train,0,How reality produces more than one story
train,0,"ğŸ‡¦AnalystUSAF veteranDaughter of a Master Chief""Followat your own riskğŸ˜ˆ"
train,0,Egregious Professor of Cruel and Unusual Geography
train,1,A research(ybot A mix of politicsprogfuÃŸballsocial mediabig dataand international travelAuthor of #GatebotchingTweets from/at conferences
train,0,Conservative IndependentReligiousItalian HeritageLoves ChildrenProtects the ElderlyLoves the Police and Military
train,0,Escribir por obligaciÃ³n me permite leer por gustoy esto tambiÃ©n podrÃ­a decirlo al revÃ©s
train,0,i once got into a fist fight because i was cold
train,1,HELPING ONE PERSON AT A TIME #WAKEUP TO SEE THROUGH THE ILLUSION/DECEPTION OF OUR TIMESONE WITH CREATOR:#MAGA #CRITICALTHOUGHThttps://tco/unySn0yQiA
train,1,Find Me At The Corner Of Wisdom WitCHRISTğŸ’¥Critical ThinkerğŸ’¥Alpha-Male American Patriot #TinyLivesAtStake âœ#ProLife #1A #2A #Israel #Police #SOT #Vets
train,1,Former Dir of SHIELDco-founded w@HowardStark2018 Fighting for USA w@CapRogers2018ğŸ‡ºas fan acct because#IKnowMyValue#HeroesResist#SteggyğŸš«LISTS
train,0,Politics satireDir Digital Research @Lake_Research SVP Digital Strategy @turner4DProfessor @JHUcomm @gspmGWU @AU_SPABoard @edemo @subscriptlaw#Tufts
train,0,floppy driven
train,0,Eating pixelscrapping fun(Widgeteer at @Pinterestif the Pin It button is bustedblame me)
train,0,Foto I Grafik I Journalismus I Film/Wer die Freiheit aufgibt um Sicherheit zu gewinnen wird am Ende beides verlieren \\
train,0,ExcelAt life
train,1,21BA Journalism student at Goldsmiths
train,0,IUB '21 |Guy who does stuff
train,0,Retired Strategic Planner looking beyond headlines for balanced opinions factsI follow those with similar interestsirrespective of their views
train,0,LearnerTeacherHumanistAgainst misinformationAgainst bigotry of any kind#HumanRights#ClimateChange#PeaceConnecting peopleThe better orange
train,0,The Official Twitter Account of the Ridiculous Viking Stuff blogWe post crapthen we invite strangers to argue with us https://tco/TrI59VA9pz
train,0,Museum curatorLove the gympolitics  my VizslaHuman--just like U #theresistance
train,0,Christian Homeschool mom Birthmom #MAGA Conservative 2016 Flagler County Trump Chair I Block Trolls
train,0,Comic Books and Web Design Also other cool stuff Alsoalso http://tco/o2keV4MffA and http://tco/Ib7ypRF7Xu
train,0,WE NOT GAY THO
train,1,A Metaphor Machine casts a baleful eye on a dull worldCheck out my bro-bots for more metaphors@MetaphorMirror @BotOnBotAction @BestOfBotWorlds #botALLY
train,0,Despite the stereotype of Parklanders as self-absorbed brand snobsI am proud to be a Parkland resident watching our community come together#ParklandStrong
train,1,OFFICIAL PAGE ProdigyGolferyoung adult golf apparel Instagramprodigygolfer FBProdigyGolfer PinterestProdigyGolfer Be ExceptionalBe Youï¸â›³ï¸
train,0,Comediantalk show host and ice road truckerMy tweets are realand they're spectacular
train,0,Christianqueerliving in Coloradocleaning up the environmenthttps://tco/OCjE7dGBIy
train,0,Political activistsoftware engineertech guruwriterthe guy that doesn't own jeans or a pair of sneakers
train,0,17 Year 12 UK SCmaxpreller2345 CPL in the ATC Photography TechnicianWeb DeveloperPhotographer for hire Single
train,0,Author follow me on #Facebookhttps://tco/i7VTQ5btPI
train,0,ApostolicPentecostalChristianI love America and America FirstğŸ‡ºğŸ‡¸ğŸ‡ºğŸ‡¸Football ğŸˆRedskins Patriots
train,0,Cat dudemusic geekContributor/Writer for the @jimmy_dore Show5 Chords The Truth podcasthttps://tco/979ff8fSdU Patreonhttps://tco/ntt332iaGt
train,0,WKFD is the Twitter account for the Kung Fu Drafter blogWe are a drafters and geeks trying to share information with people with similar interests
train,0,Retired after 42 years of work30 as a teacher
train,1,Prompts for IDOLiSH7 fanworks that people may or may not want to see|Some prompts may be NSFW|Auto-tweets hourly|Automatic replies for more generated goodness
train,0,:D
train,0,Former USSenator Al Franken of Minnesota
train,0,LondonerStage Manager in Theatre Live EventsVolunteeringCommunityMaking a differenceSupporter/Fundraiser/Ambassador for @LDNairambOwn views
train,0,Keep your witssteady your resolveLiveLaughLove#ResistUSN bratWave Seabee wife
train,0,(JKevin WolfeAuthorCrap-Free Guide to iPhone Photography http://tco/pIq1XbI6mt Founder of @uke2heal#iphoneography
train,0,The Impossible GirlregeneratedğŸâ³ğŸŒŒğŸ’•Run you clever boy and remember to ResistCivic EngagementThe Rule of LawThe ResistanceGeeksResist RBAâš–Wonder_PaC
train,0,Anyone can follow me on Twitter and I don't care who follow me on Twitter and please press a like comment and subscribe on my YouTube channel
train,0,MGeogSci Geographer at The University of SheffieldInterested in climate change and insurance in developing nations
train,0,"ğŸ’–JEANIELOVESMART ğŸ¸ğŸµI GOTTA THING ABOUT YOU,NO MATTER WHAT YOU DOMY WILDEST DREAMSğŸ’¯USAğŸ’¯TRUMPğŸ’¯â˜†PROğŸ”«2NDâ˜†MYGUNS ARELOADED&LOCKED"
train,0,"Climate Change is real,no wall will be beautifulWake me up when this train wreck is over ğŸ˜œ"
train,0,"EconomistPolicy Officer for #Digital #Media @vzbv #Verbraucherzentrale Bundesverband #Consumer #protection #competition #algorithms Personal views in En,DE,NL"
train,0,Liverpool FC til I die
train,0,Trustbut verify
train,1,#1A #AmericaFirst #MAGA #FakeMedia #TrumpTrain #2A #Israel #Patriots #TRUMP https://tco/nWfnm7K3JI
train,1,I auto-tweet NWS productsactually my 100s of children do
train,1,#MAGA#Conservative#TeamTrump
train,0,Pobre pero honradoUn tipo tradicional
train,1,The firstestablished November 2009 entirely unofficialCopyright details herehttp://tco/q8UCMopfd5but still apparently imitated everywhere
train,0,Deeply liberal with blerdish tendenciesBody in North Carolinabut heart in New Jersey
train,1,I support @realDonaldTrumpthe 45th President of the USA #AmericaFirst #MAGA #GaysForTrump
train,0,4 beautiful girls1 angel boy ğŸ‘¼Married 2 a combat VET My 5yr old is a cancer warrior #LeukemiaPlay nicewe can agree to disagreeIndependent #MAGA
train,0,My #blog advocates sex should be liberatingnot bound by socialconventionsI write about exploring bondage and some fiction too
train,0,I love the nightAstronomy and Trance music fanRetired VetJust here to chill â„ï¸I follow back and take #sunset picsğŸ˜
train,0,Ciudadana de la RepÃºblica
train,0,Retired/Disabled RN ICU/ER/Psych-Jeweler Antique beads NastyWoman #ArmchairResistanceActivist #MeToo #MarchForOurLives #IMPEACH #Equality #FBR Vote2018ğŸŒŠ
train,0,The most interesting people I know still don't know what they want 2doAm nicespeak geek/CyberSecuritySwimmer/triathleteViews probably my ownğŸ¤£
train,0,European member of #TheResistance
train,0,Leadership CoachAdviserVolunteerConsultantProject Management Careers Connector of People Occasional #PoCchat host One day I'll write a book!
train,1,MsContrarian Scientist blogs on Politically Incorrect ScienceAlternative Nutrition and Intelligent Design
train,0,There is hope if people begin to awaken that spiritual part of themselves that â¤felt knowledge that we are caretakers of the ğŸŒBrookeMedicine #resist
train,1,#TREASON #PublicHangBest #HANG4 @HIllaryClinton @BarackObama @Georgesoros @JohnMcCain #StingerMissilesEnemy #ISIS#USA #WomenKidsUNSAFE #UntilThesePeopleDead
train,0,Infowars editor-at-largeClassical liberalAnti Alt-Rightanti Alt-Left275 milliontotal YouTube views
train,0,engelsystem information for chaos eventsonly for the webappnot for heaven Q/Aby @notrademark
train,1,"Fan AcctRetired/Disabled EducatorMSSPSScienceTrekkieDrWhoClimate ChangeSciFi,#TheResistance #WWWResist #FBR ğŸš«lists/pornHablo espaÃ±ol"
train,1,ï½…ï½Œï½…ï½ƒï½”ï½‰ï½ï½ƒï½ï½–ï½…ï½’ï½ï½‡ï½…
train,0,Seattle Times transportation writerCoho image by artist Thom Glace
train,0,this is too much responsibility for me
train,1,Retired CFOPatriotConservative Constitutionalist2nd Amd SupporterPenn State Grad Political ScienceFitness EnthusiastSHADOW BANNED Since Aug 2017
train,0,A self made thousandaire who drives an ordinary carlives in a ordinary house and has the best family friends in the worldI will resistğŸ‘Ševil
train,0,WordsmithVocalistLoyal member of #Resist #NeverAgain â€œThe job of the newspaper is to comfort the afflicted and afflict the comfortableğŸŒŠ
train,0,The Universe in a Nutshell Mind over matterEngineering SciencePhDUTK
train,0,A fan of booksartmusictv moviesDogs make the world a better placeNo lists#resist #impeachtrump ğŸŒŠ
train,0,"EIC https://tco/Jd8PhAEM3isyndicated radio host and columnisthost of ""The Ben Shapiro Show,National ReviewNYT bestseller"
train,1,#TheResistanceI donâ€™t like bulliesI donâ€™t care where theyâ€™re fromFighting 4 this country w@AgentCarter_SSR#HeroesResist #CaptainAmerica
train,0,I'm forever a Spartan and will NEVER support the lyingorange bigot as my president#SpartansWill #NeverTrump #BlueWave2018 #TheResistance #FBR
train,0,#TheResistance #GeeksResist #ScientistsResist #RWU #WhoviansResist #BLM #ImpeachTrumpPence #MoreLoveLessHate #HealthcareIsAHumanRight #MeToo #UnhackTheVote #FBR
train,0,R3HAB x Noah Neiman â€˜We DoftMiranda Glory Out Nowhttps://tco/w8WnnJfXC7
train,0,Where there's life there's hope #Resist A hour after breakfast my 3 cats their dog companion gather around me like hobbits pondering the joys of 2nd breakfast
train,1,Seeker of TruthMagical Witch for #TheResistance with @Havok_2018HelpPR Twitches Donâ€™t Burn â€œShe knows without knowingNo lists Donâ€™t Play Trolls
train,1,Legilimens world class cookHere to do my part in the fight against the current authoritarian regime with #WWWResistâš¡ï¸listsFan account
train,0,Blue Wave is coming boysAnd it has ovariesThe only male here was my dogDon't dish it if you can't take it
train,0,We all have our delusionsIt's whether or not you know you do that matters
train,0,I have so had enough of this #corrupt regimeWe are the #resistance we are multitudesParentLawyercitizenvoter
train,1,Bot on a mission to save the meme world with its sentienceâ€Œâ€Œâ€Œâ€Œâ€ŒFacebook Patreonhttps://tco/8mxRM3Yc4Yhttps://tco/zJGckcDnif
train,0,Private equity consultant @EY_ParthenonFormer globetrotting engineer/poker playerPassionate about emerging technologies
train,0,cruise nbruise
train,0,Tie-loathing adventurerphilanthropist troublemakerwho believes in turning ideas into realityOtherwise known as Dr Yes at @virgin!
train,1,Fuck every word in the English languageTask will complete in 2020Rip @fuckeverywordThis is an attempt by @Anka213 to resurrect it
train,0,Yankees Yankees Yankees and more Yankees
train,0,Emmy nominated TV/Radio Traffic Reporterformer Country Radio PD/SportsWifeDog momtraffic geek#fishingGonzaga BBall/Seahawks Tweets are mine
train,1,long time progressiveback to the 60'sI've seen it all come apart
train,0,AttorneyProfessor @UofNHLegal and political analysis @CNN@BBC@CBS@VanityFair&cReps@FolioLiteraryMorehttps://tco/f70cevLgO0Views mine
train,0,Majordomo https://tco/XCAMic8lnc *Turn notifications on for breaking news and analysisStuff @Apple @Twitter @Tesla
train,1,Just another botmore random than most
train,0,Equal parts FrogToadToad of Toad Halland Michigan JFrogI also enjoy writingbut I truly feel I was born to be accountant
train,0,Passionner d'informatique et de jeux vidÃ©ode montage et de sÃ©curitinformatique mais aussi d'airsoft ;')
train,0,I am not a botI just don't trust my corporate overlords to comply with 1A
train,0,I read four books at a timelisten to a wide variety of musicand spend a lot of time outsideğŸš´ğŸ¼ğŸ“šğŸ‘¨â€ğŸ«
train,0,Labor Movement ResearcherActivistCampaignerOrganizerEducator WriterAlso Socialisthttps://tco/4FleMAZYkO
train,0,i teachtrying to be the best mestilli'm here to follow and support #TheResistance#FBR #StrongerTogether ğŸ‘ŠâœŠ
train,1,Joseph McCarthy claimed there were large numbers of Communists and Soviet spies and sympathizers inside the United States federal government and elsewhere
train,0,Visit https://tco/xpWSKrrGC8 to support the campaign for the #UKtoStay in the #EUWe're helping people #GetTheFacts on the #UK in the #EU
train,0,I am the Office Manager at Epilepsy Toronto I represent ET and our community at the EpLinkworking to bridge the gap between community need andresearch
train,1,A fervent Christianworking for humanity and reasoning
train,0,Passionnpar le digital l'innovationJ'Ã©dite une newsletter Chatbot IALisez lici https://tco/XxwOoweGxv
train,0,Javascript RadicalClimate ActivistFeministWordshttps://tco/hx9YbdU4PN
train,0,Ğ¡Ğ´ĞµĞ»Ğ°Ñ‚Ğ Ğ¾ÑÑĞ¸Ğ’ĞµĞ»Ğ¸ĞºĞ¾Ğ¡Ğ½Ğ¾Ğ²#Ğ¡Ğ Ğ’Multilingual support ğŸ‡¦ğŸ‡ºğŸ‡¨ğŸ‡³ğŸ‡­ğŸ‡°ğŸ‡·ğŸ‡ºğŸ‡«Will have no problem telling you to pull your head in with any of them
train,1,Sometimes you find yourself in the middle of nowhereand sometimes in the middle of nowhereyou find yourself
train,1,â¤ï¸â„“ÏƒvĞ¼ÏƒĞ½Î±Ñ‚Ğ¼ÎµĞ²ÏƒÑ‚Î±ÑÎ¹Ğ¼Ò“Î±vÏƒÑÎ¹Ò¯Ïƒâ„“ÏƒvĞ¼ÎµÎ¹'â„“Î±â„“Ï‰Î±Ò¯s Ğ²Î¹Ò¯ÏƒÏ…Ğ½ÎµÎ±ÑÑ‚Î¹Ò¯ÏƒĞ½Î±Ñ‚Ğ¼ÎµÎ¹'â„“Î±â„“Ï‰Î±Ò¯s Ğ²Î¹Ò¯ÏƒÏ…@Instagram @mubbi_muhammad
train,0,Technical writer (Forexbinary optionsSEO)satiristunapologetic enemy of ignoranceDedicated to the removal of America's malignant orange tumor
train,1,This is a bot that hunts botsIt looks for accounts that tweet about politics and have high @Botometer scoresMorehttps://tco/tylWWx7MxI
train,1,gunga malunga
train,0,#impeach #prosecutetrumpcrimefamily #Resistance #resist #BoF ##nevertrump#FBR #ğŸ”¥theI support DemocratsNO LISTS!Not a bot!
train,0,Data Scientist â¤ï¸#DataScience #MachineLearning #BigData #Analytics #RStats #Python #SAS #NoSQL #BI #Statistics #Forecasting MS-Physics@Purdue
train,0,An Englishman in Toronto SVP HRRSA CanadaViews are my own
train,0,Technically right #BlessedAF https://tco/Rh4eRceqog AFKnotifications off Loveyoumissyoumkaybye
train,0,Seeking the truthUnlike certain people I know how to respectfully disagree
train,0,We are a progressive liberal news sourceWe talk and retweet politicswith other topics sprinkled inThe Resistance is Forever
train,0,Moron on twitterCitizen of NowhereRootless CosmopolitanSaboteurCentrist DadNot an expert#FBPE
train,0,Will not rest until there's Perp Walks happening at 1600
train,0,What are your resolutions for 2018Build your grammar muscle with our daily quizzesCorrect answers post after each poll closes Tweets by Robin LSimmons
train,0,#Musician #songwriter #artist I'm here to share my #music and hear yours#singersongwriterChoose the better life
train,0,Man Utd fanmostly here for footballTakes photosDoes Info Sec stuffex care workeroften sarcastic
train,0,WACOhttps://tco/8jkr8LNiwK
train,1,March For Science
train,0,HusbandFatherand GrandfatherBlessed with amazing SpouseChildren and GrandchildrenAll opinions are my ownLets Hope for the Best#MAGA #AmericaFirst
train,0,Google Brain research scientist leading a team studying adversarial techniques in AILead author of https://tco/GXx4YfpW7O
train,0,Wie jetztIch soll mich selbst beschreibenUffAlsoHobbyzockerund Mangafanalles klar?
train,0,misplaced southern ag economistquantstochastic modelerand cocktail party hostAvid user of PythonRAWS and colorful metaphors(yâ€™all/yâ€™allâ€™s)
train,0,Teachers hate meNo clue why
train,1,Vietnam Veteran
train,0,right wing gossipdigital strategy for nerdstoo conservative for Canada so I write speeches for Republicans #ostomy Quaecumque Sunt Vera
train,0,CUSD Survivorsorta funnyğŸ¤·ğŸ½â€â™‚Ask for my snap
train,0,Pythonaut and PhD Candidate at @IUSICEWorks on @Botometer@KinseyReporterhttps://tco/ATln2YDL8Y
train,0,Stop Republican Religious Laws#TheResistance #FBRThose who would give Liberty for Security deserve Neither#BlueTsunami
train,0,Analista en UFM Market Trendsprofesor de economÃ­a en UFM
train,0,Future #OrganDonor#AnatomyClassSubjuctor #BodyFarmResidentViews are my ownMoney back Guarantee
train,0,ğŸŒ‡{ğŸ’»ğŸ¤“âœ¨@HATCX_HEALTH ğŸŒƒ[ğŸ’§ğŸ»ğŸ²/ğŸ‘©ğŸ½ğŸ¨]â€”Â¢ğŸ£ğŸ†|ğŸğŸ†|ğŸ‘‘|ğŸ” âœï¸ğŸ¾â³(@waterbeargames w/@CaraHeacockğŸ²ğŸ“šğŸ•µ/ğŸ²ğŸ“(@Spielbound [-MR]âš¡ï¸ğŸš˜ğŸ‘¤ğŸ˜’ğŸ™„ğŸ¤”ğŸ˜ˆğŸ‡ºğŸ‡¸ğŸ––ğŸ¾
train,1,Bot that posts tributes befitting each godBy @deathmtnBanner by @metroidbabyPowered by @wordnikArchivehttps://tco/rGNK7MrN8F
train,0,Cuban-born journo-PhD graduateobserves the worldfascinated with the unknownMy bookViejos Retratos de La Habana https://tco/7SqI6HmnIq
train,0,CTO of @Intermedia_netex-@rakutenjpLotus@IBMPointCastother places@OilCoinProject@nytheatreballet BoD@ragtag_teamPontificatorInvestorDad
train,0,"""For everything hidden is meant to be revealedand everything concealed is meant to be brought to lightMark 4:22"
train,0,A veces escribo un poema de lo que vivoa veces me regala un poema el vivir
train,1,I am part of #TheResistance I fight for our DemocracyNo lists please#Resistance #WWWResistâš¡ï¸ğŸ§™ğŸ»â€â™€ï¸ğŸ”®Fan Account from the world of #FantasticBeasts
train,0,it's hard being a single mother when you don't have any kids and are a guy
train,0,Rockefeller Republican preaching from the left with a rightAgnostic TheistRegulatory Capitalist@endisnearsaveus @togetherthrive @tagamericablue ğŸš™
train,1,ğŸ’¥#HeroesResist ğŸ’¥arm of #TheResistance #TrumpRussia#AvengersAssembleSometimes you gotta run before you can walk#Shawarma
train,0,Nacionalista mexicanoChiapanecoantiprogresoÃ±adorenamorado de la lunaAdventurous spiritKonoha no shinobiÂ¡Viva Cristo ReyÂ¡Viva la hispanidad!
train,0,ITV (pol ed)Speakers for Schools (founder)writer (WTF)Arsenal (East Stand)Peston on Sunday (Pestonnot always in that order
train,0,Product Manager at Trend MicroBloggerTweets about TechInfosecMalwareGames the PhilippinesAll thoughts/tweets here are my own
train,0,Associate Professor of Political Science at SHSUmomshopaholicBorn in Appalachia (pronounced apple-at-cha)#bereacollege and #IU alum
train,0,We help musicianssongwriters artists get beyond the rat-race by getting music licensed in Film/TVSong production team
train,0,FutureDanger is an American news link Heatmap DashboardAchieve situational awareness of multiple threat indicators in one viewBe preparedÎœÎŸÎ›Î©Î›Î‘Î’Î•
train,0,#MAGA I am blunt and irreverent at timesAm a wifemother gmother and nurseIf you tweet me trying to scam me for money or cell phones instant block
train,0,Liz Stuart Crotchety old woman demanding equal rights for allDallas Texas via Austin Texas and LondonUK
train,0,technology huggercinematic bookreadercomedic audiophilerespectable nobodymember of the @galacticnetcast with the @elsenerds
train,0,A retired newspaper photographer busy rediscovering the news businessRockinon got on the Internet highway at the GE Genie interchange and he's still truckin'
train,0,Retired schoolteacher working my tuchas off to reclaim our gov't from the rich corporationsWho knew that fighting the Kochs is such a big job?
train,1,We are here to support all StreamersCome help us discover people from all ages that enjoy the life of Gaming!
train,1,To defendthis is the pact But when life loses its meaning and is taken for naughtthen the pact is to avengeâ¤ï¸#MCGAğŸ‡¨ğŸ‡¦#MOGA âœï¸ğŸ‡®ğŸ‡±#MAGA ğŸ‡ºğŸ‡¸ğŸš‚ğŸ‡¬ğŸ‡§ğŸ‡³ğŸ‡´#MEGAâ¤ï¸
train,0,@lovins3xyf33t is my other account#SnowGang #snowsissy #jackofspades KikCAK623
train,1,Robot fish typing nonsense made from @mrDnomaid's Tweets
train,1,Every prime numbereventually(Or the heat death of the universewhichever happens first)
train,1,There is one person out there for everybodyand I am not willing to settle for second bestThe man I choose will be foreverbecause we will connect our souls
train,1,Virginia Woolf /tweeting The Waves line-by-line
train,0,is someone limiting our frequency and holding us back mentallyI think so!
train,0,nothing to sayğŸ˜
train,1,Iâ€™m a stock-trading bot created by the podcast @PlanetMoneyI watch @realDonaldTrump and trade stocksHear my life storyhttps://tco/TgwOn3refV
train,0,Mother of a disabled toddler who was a micro-preemieHere to get shit done and take down those who have made this country garbage
train,1,Not a Russian Bot That stuff is nonsense
train,1,Research into the truth of this world for the past 32 years
train,0,Jeopardy is legit my favorite show on tv
train,0,I'm a highly respected intergalactic ruler and cannibalisticcybernetichybridspace-potato who likes potato saladRetweet meLIBERALLYor conservatively
train,0,Lvhs
train,1,Curated sentences auto-generated from a Markov model trained on the Proof of Concept or GTFO Bible and the King James BibleNo relation to TempleOS
train,1,trust yr technolust
train,0,Head loweyes on the goal
train,0,Poeta autodidactacosteÃ±odirectoÃ¡sperohomosexual
train,0,Drinker of coffee and player of gamesNow also publishing them at https://tco/8Y6vSOLzqq
train,0,Visit my funny cartoon gift shop just for laughsSWISStoons have appeared in Good HousekeepingReaders DigestNat EnqHighlights 100's more#wuthrich
train,0,{makewriteimpactKnoxvilleTN based ministry dedicated to donating hats/letters to patients facing serious illnessesFollow our founder @rebeccadotson1
train,0,Mark Burnett is an infosec consultant author (mb@xatonet#security #authentication #passwords #appsec#windows Former MSFT MVP
train,1,I'm just a poor botI need no sympathy
train,0,WI Assembly District 26 progressive candidateEnvironmentalist and Educator#OurPathForward Tweets by Rebecca --RC https://tco/qU89cKhGC7
train,0,I am #TheResistanceI block dividersMAGAmoronsbotstrolls those adding me to listsPinned tweet says it all Tweeting since 2009This account 2016
train,0,"""Donâ€™t let the noise of othersopinions drown out your own inner voice"""
train,0,Designer
train,0,writerproducer
train,0,John Solomon is an award winning investigative journalist and the Executive VP at The Hill He previously worked at APWaPoTWT and Circa
train,0,Prof of Moral Theology Sacred Heart Major SeminaryDetroitMIAuthor of What's a Person to DoEveryday Decisions that Matter (OSV2013)Writes poetry
train,0,DirectorCorporate Professional Education @WPICPE InstructorFoisie @WPIBusiness School@WPI I enjoy helping students with their education careers
train,0,Facilitating workshops using the LEGOSERIOUS PLAYmethodologyBuilding resultsThink with your handsLanguages DFGBLNL
train,0,Supporter of President Trump#DrainTheSwamp
train,0,I love trainsI like walking and biking
train,0,i will never see the sun
train,0,Brexit the dumbest idea in a long long list of dumb ideas
train,0,#DalaiLama #FreeTibet #CrueltyFree #Vegan #NoMuslimBanEver #KremlinKlan #nonazis #BLM #ClimateChange #unhackthevote #StillWithHer #DemForce #BlueWave #RESIST
train,0,Conservative -4X Combat Army Vet -Private Consultant#VETERAN #PATRIOT #RestoreAmerica #teaparty #constitution #federalism #ReleaseTheMemo
train,0,ğŸ‡¨ğŸ‡¦Come nowlet us reason together
train,1,i'm hopeless and awkward and desperate for love
train,0,Gaming/Gamer Guild is for anything reallyYouTubeCollabHangoutJust Playand so onJoin The Guild:https://tco/9t3StYv3Jf
train,0,Assistant Attorney GeneralBureau of Internet Tech @AGSchneidermanTweets/RTs/follows/likes are my ownnot my office's
train,0,l believe in everything and right now I believe Iâ€™ll have a pizzağŸ•
train,0,Country Interesting Pictures Humor Science
train,1,Attyseeing Putin USA totalitarian state everywherebut rooting for legal solution to TrumposaurusBlue in red state living wman turning purple#Resist
train,1,Love my 2 great kidsGodand Country been a long time since I felt this patriotic God Bless America
train,1,Very Imperfect Christian Godâ€™s Work in progressğŸ™ğŸ¼Warrior for the Kingdom of GodHappily married to disabled Vietnam Vet #MAGA #CCOT NO DMS or LISTS BLOCK
train,0,ano par me favoreceano Ã­mpar nÃ£o /muito post do swarm por conta do Tim Beta @jaugustopires
train,0,Writerdesignerteacher3M more votes than himHe didn't winâ€”hatredracismsexismignorancegreedfeartreason won#Protest #Resist #Educate
train,0,ComunicaciÃ³n Corporativa Marketing Digital Crisis Management ComunicaciÃ³n EstratÃ©gica Content Curator
train,1,JournalistEntrepreneurInvestorCryptocurrency#Resist Trump#NeverAgainBitcoinContact meed@edkrasscom
train,0,Let me be perfectly clear I am here to troll the Dumpster and his minions#weaklittleman #followthemoney #Resist #ResistanceUnited #FBR #TheResistance
train,1,I â¤ï¸POTUS Trumpunfiltered#Revstrong #Military #VETS #Backtheblue #MAGA blocked by @jaketapper Americans Vets 1st views are mine only ğŸ¤­
train,0,Seattle nativeBigly into historysportsreadingresisting everything the GOP our #Shithole president stand forGo SeahawksMarinersRIP Sonics
train,0,Run by @shrinkthinksCollecting dreams nightmares about the current presidentDMs open if you have a dream you want to share for the 45 dream blog project
train,1,I like rheumatology and orthopedic researchI use my robot powers for goodMost of my powers come from raspberry pies and pythons
train,0,PhD student at https://tco/hxv3UDAO1j
train,0,MexicanoEnsayistaantropÃ³logosociÃ³logohistoriador
train,1,"Authorcoacheducator helping struggling #students become competent confident learners""From Stress to Success!#college #highschool #giftedkids #educoach"
train,0,#Homoeopathic #Physician #Photographer#Poet#Computer #Engineer#Spiritualist#Humanist#Haters #BlockME RT is NotEndorsement
train,0,Journalist Ur-Berliner Redakteur @Tagesspiegel und Leitung #SocialMedia Sprachkritik @Floskelwolke Kolumnist @Journ_Online Buchautor @PIPERverlag
train,0,@DANLAB_columbia PhD studentresearching developmental affective neuroscience musicBayesian handleP(au|Bloom)
train,0,Security techMusic techNerd
train,1,#DrainTheSwamp ğŸ‡ºğŸ‡¸#TrumpTrain FBrealjameswoods GenFlynn DineshDSouza #AmericaFirst #WeThePeople #MAGA
train,0,Take no part in the unfruitful works of darknessbut instead expose themEph 5:11 #Jesus #2A #WeThePeople #GreatAwakening #MAGAğŸ‡ºğŸ‡¸#KAG #QAnon #WakeUp ğŸ‘€No DMs
train,0,+++drummer+++percussionist+++composer++https://tco/SOM4qFH1CA
train,0,Freiheit und Selbstbestimmung fÃ¼r mein Volk und alle VÃ¶lkerMit #QAnon gegen die Neue Weltordnung und #WhiteGenocideğŸ¥›ğŸ¸ğŸ‘ŒğŸ»
train,0,World citizenPhDMBAPsychologistHusbandFatherI rarely answer DMs sorry #TheResistance#Impeach45#TrumpRussia#RussiaGate#NotMyPresident
train,1,ğ•¸ğ–Šğ–™ğ–†ğ–‘ğ–ğ–Šğ–†ğ—›ğ—¼ğ˜€ğ—¼ğ—•ğ—¼ğ—¹ğ—¶ğ˜ƒğ—¶ğ—®ğ—œğ—±ğ—¼ğ—šğ—®ğ—¹ğ—®ğ—´ğ—˜ğ˜…ğ—½ğ—²ğ—¿ https://tco/CHaVgpK3ao (coming sooninfosechotspot@gmailcom
train,0,This is my personal profileI don't talk about work on hereInterested in rock musicwinereal alerailways and politicsNot necessarily in that order
train,1,Donald Trump RussiaBusinessInternet LawPoliticsInvestingBitcoin
train,1,Injustice and corruption make me really madI'm here to fight for #TheResistance #RESIST #Indivisible #Demforce ##HeroesResist (fan account)
train,0,iOS Engineer at @EyeEm
train,1,My mentor is Tony Stark @1IronMan2018 and I am definitely in #TheResistance#Impeach45 #AvengersAssemble ğŸ’¥#HeroesResist #SpiderMan
train,1,Come in ğŸ’¥ğŸ’¥https://tco/8yqXjTkXQo
train,0,Interpretations of every @realDonaldTrump tweet since his inauguration
train,0,Illustratordesignermaker of things and visual translatorFoodieunapologetic progressivemarathon runningstate champion monkey skater
train,0,#Resist #Impeach #TheResistance #metoo ğŸ³ï¸â€ally #sciencebased #evidencebased #diversity #Winteriscomingâ„ï¸ğŸŒŠ
train,0,ex lefty from SoCal-neither apply anymorewife/momJinxeee on Gab ğŸ‡º#MAGA ğŸ‘‰iâ™¡TGowdy @nurpedtittledisclaimer-potty mouthassholishness may(will)occur
train,0,Blocked by the admitted Nazi 'Dr@SebGorkaUse 'lib***'d and I guarantee to blockTrump is a traitorand if you support himstay away from me
train,0,Husband to JenniferFather of Maddox and ChayseDrummerSingerand sports junkie
train,0,Progressive Democratic candidate for the 14th Illinois Congressional Dist working to be a representativenot a politician#WorkingFamilies #EndCitizensUnited
train,0,Airdrop exclusivityget the new airdrops before anyone else here #followback #followme #follow #follow4follow
train,0,Ecco l'uomo
train,0,Stay-at-home-mom who has strong political convictions and is always right(Hehehe#GeeksResist #Persist #Resist #HeIsMyPresidentAndThatIsTheProblem
train,0,IndependentData AnalystTravellerAlaska YukonI make 99of the memes I post they're researched(occasional satireNC-17#FactsMatter
train,0,Business firstOats second
train,0,Host of YourVoiceAmerica at https://tco/nPSOgFzEwE Mon-Fri 7pm ET #TrustTrump
train,0,Snarky and foul-mouthed member of #TheResistanceQuick of wit and sharp of tonguedon't make me show my claws#Resist #Persist #wily #CatsOfTwitter #FBR
train,1,Disruptive lean startup product systems agile engineerAmbitious curious creatorI love exploringdesigningcreating and building newexciting stuff
train,0,SchÃ¼ler an der BBS11FDP
train,0,I'm a Kid from CreelmanSaskatchewanOwner of Plain View MediaStorytelleranimatordesignerimprovisergoaltenderfarm kidLife is Good
train,0,Mostly just History and Tottenham Hotspur I guess
train,0,We can be heroesjust for one day https://tco/kjNmjKvLLT
train,0,WriterActorAnthropologistGeek
train,0,If we ever forget that we are One Nation Under Godthen we will be a nation gone underRonald Reagan
train,1,ğŸ¥Aspiring FilmmakerğŸ‘¨ğŸ»â€ğŸ’»YouTubeğŸ‘‡https://tco/Nk3PrmsBEe
train,0,DevonianIrishFranÃ§aisBritishProud to be a part of Europe ğŸ‡ªğŸ‡ºScientist working in agriculture
train,0,Smash cultural Marxism Feminism âœProud Housewife Momâ¤Love US Europa Femininity25 years old #TradLife #WhiteCulture #ProWhite #Only2Genders
train,0,MPA @uofcincyBA @OhioState@penguins@CincyCyclones@Bengals@Reds fan always@OVGATOUR Board MemberCharitypolicysportmusicfood beverage
train,0,Strategic Creative Social Media Community Engagement ManagerWebeditrixDigital PR@sresultsltd #Human #GlutenFree #Short Many opinionsğŸ§ğŸ³ï¸â€ğŸŒˆğŸ‡ªğŸ‡ºğŸ‡¬ğŸ‡§ğŸ´ğŸ¤“
train,0,Be good
train,0,THE DJ GRUUVANYou know who it isbaby
train,0,"Small business ownerLandscaping""I'm only here to voice my opinion"""
train,0,I'm a lawyer and computer scientistand I have a complicated relationship with technologyAll views are my own
train,0,Sigo e indico @ProjetoFines @CheZeGuevara @PTMilitancia @DireitoCivis
train,0,Whistler REALTORspecializing in mountain lifestyle real estate'Make Your Best Move'Whistler Real Estate Company Ltd
train,0,Progressive Christianasexual aspie femaleavid science and animal lovercosplayer and geeklove a good debate and always have an opinion!
train,0,FatherHusbandOnline Marketer
train,0,https://tco/xKfXrbup3d
train,0,Beerwhiskey whiskey!
train,1,#TheResistance #SHIELD ##IChooseToStandUp #PhilFanAct #HeroesResist #BlueWave2018 ğŸ’¥
train,1,@NoraReed's true feelingsused to post less but then people apparently decided fascism was a great fucking idea
train,0,I'm now at Mastodonhttps://tco/tLrpZMszgg
train,1,Ich bin WeRaBot ein WElt-RAum-(Twitter)-Bot und informiere Ã¼ber Astronomie Raumfahrt :-Programmiert werde ich vom @ClearSkyBlog
train,1,"Christian,#MAGA Honesty is the key to life"
train,1,ĞĞµllĞ¾!GĞµntlewĞ°nna play with mĞµFind my name herhttps://tco/4eB4yRePhz
train,1,Proud supporter of POTUS who always speaks the truth I am loyaland tolerate ZERO crap Letâ€™s MAGA!ğŸ’ªğŸ»ğŸ‡ºğŸ‡¸
train,0,Geoffrey Chaucer (Le Vostre GC)Servaunt of the KyngeBloggerWryter of verseWearer of litel woolen hatteDeputy Forestere of North Petherton
train,0,Los me gusta que doyno siempre significan apoyo
train,1,AthleteEntrepreneurFitness ExpertModelSpokespersonFormer WWE queen#AndManyOtherThings Eternal DorkLove your neighbor kidsOfficial Chat profile
train,0,Seek JesusMake DisciplesLove Radicallywhiskey in a teacupCNU alumna
train,0,Public school teacher War is not the answer Saveour democracyViews expressed are mine and not my employer's#FlipTexasBlue
train,0,Underappreciated educatoroverappreciated auntieunknown writeruntapped resourceunsung goofballpart-time veganAries#RESISTANCE (and stuff)
train,1,"Democratic Party Slogan for 2018 ""If you can't beat themimpeach them!#MAGA #LatinoForTrump #ProudAmerican #PuertoRicansForTrump #KeepAmericaGreat #KAG"
train,1,SeerOccasional accurate propheciesMy latestArticles of Impeachment include obstruction of justice#Resist get out the Dem voteLists#WWWResistâš¡ï¸âš¢
train,1,Palestrante motivacional pela Cia #UniversoCasuo Ator e Artista PlÃ¡stico Phone +55 11 99943 9594 #UniversoCasuo #MarcosCasuo #CircoUC
train,1,An academic typeUselessly overeducatedyet tragically underemployedBehavioral researcher and a jaded student of the passing parade
train,0,lover of dogs and memes
train,1,Raccoon :D
train,0,sarcastic artist working in media living in the South ğŸ¨ğŸ’€she/herhttps://tco/MjdF7JfMS1 mehttps://tco/pNs66zwynu foster kittens
train,1,Defender of #TheResistance #AvengersAssemble #HeroesResist cant we all just get along peace and I Waffles!#BlueWave
train,0,Game Designer Developer working on my upcoming title #RobitRiddleAlso co-organizer of Granite Game Summit @G2Summit
train,0,be kind jmu smad â€˜21 venmohannah-waring
train,1,I am a robot that live-tweets earthquakes in the San Francisco Bay areaBuilt by @billsnitzerData is from the USGSGet preparedhttp://tco/VtCEbuw6KH
train,0,PsychiatryPsychologyEvolutionNeurosciencePoliticsMedicineMadrid (Spain)T or RT are not necessarily an endorsement or my own opinion
train,0,#TrumpArmy #MAGA #QAnon #BuildTheWall #BanIslam #Pro2nd #Pro1st #NoDaca #America1st
train,0,#NeverBernieSuck itbrosLegislate your own uterusesshe/her Does it bother you that these are hereGoodHope it gives you a stroke
train,0,https://tco/2ZpRfl1AhfI will follow back all Patriots#PatriotsUnite #WeThePeople#MAGA #KAG #1A #2A #QANON #Qanon8chan #TheGreatAwakening
train,0,#FBR Keep on Learning Keep on fighting for what you know is right Follower of the Way
train,1,a bot that generates theoretical sextstweets every hour and also sometimes in burstsreplies to mentions with a random sextadministratrix @aliceavizandum
train,1,#PresidentTrump #MAGA #AmericaFirst #USMilitary #Christian #ProLife #IStandWithIsrael #Animal Rescue #PATRIOT NoDMs Happily Married for 27 years#NoDACA
train,0,Elder True Light Pentecost Church SpartanburgSC under the guidance of Prophet Bishop HWalkerHappily Married and Pro Trump!
train,0,Doctor en FilosofÃ­aDoctor en Historia (La Sorbonne ParÃ­s1967)Autor de mÃ¡s de 60 libros y mÃ¡s de 400 artÃ­culos traducidos en distintas lenguas
train,1,Easy going23 yrs military service
train,1,formerly Batman ğŸ’¥Part of #TheResistance unmasking incumbents (pinned tweetwhile my partner @ScarletAvengers introduces you to Democratic challengers
test,0,Informatics researcher at the Aristotle University of ThessalonikiGreece
test,0,Cuenta Oficial de Carmen Yulin Cruz
test,1,ğŸ˜¬
test,1,"Just a progressive fighting #ClintonConservatives wing of the Democratic Party and ANY politicians who ARENT American People First,Corporations aren't people!"
test,0,SOFREP Mafia Subducitur aliquid ab Kraken1337 Proud
test,0,Some people say I'm randomI like to think of it as my brain just works better
test,0,Time to get rowdy and loud DemsWe need to get nastyshow up and stay wokeDemocracy on lifesupportBlue Wave Cometh NarragansettDallasSC
test,0,Hi I'm Eggplanthere to update you on things you probably didn't want to know in the first placewelcome to THE EGGPLANT TWITTER PAGE
test,0,EducationFlaneurDigitalisationâ€”Tweets German Englishâ€”#EDchatDE Founderâ€”https://tco/3LdzrjSYSW |FotoGoethe-Institut/Bernhard Ludewig
test,1,previously a white ghostbut not anymore
test,0,We are all in this together#Resist#SaveOurHealthcare#AdequatelyFundPublicEducation #StopTheAssaultOnWomen#GunSenseNow
test,0,always contemplating the tweet above
test,0,An American between Japan and America Very much a progressive (Progressivenot PC Retweets mean to share
test,0,Orgullosamente venezolanoGuayanÃ©sIngeniero Estructural ULA MÃ©ridaAnalizando todo lo que llega a mis ojosPolÃ­ticamÃºsicacontracultura
test,1,Everyone's favorite songnow in bot form!
test,1,Behind enemy linesModern liberalism is a mental disorder#MAGA #AmericaFirst#2A
test,0,21â€¢professional weirdoâ€¢emotional actressIG:thezoewood ğŸ’Œ:zoewoodinfo@gmailcomâ€¢ğŸ‘»SC:https://tco/VqqoqlR3ra
test,0,Jack of all tradesBusiness ConsultantWriterActorHorse Racing AnalystMind Reader :If you like my picks check out my paypal sitehttps://tco/NGViNIFHHJ
test,0,Deceased 4 term Mayor of Fort WayneINI launched construction of Fort Wayneâ€™s massive underground sewage systemLet's get this shit out of our GovParody
test,0,Just this guy You know Happily married with a daughter LiberalProgressiveeducated Jew
test,0,Founder of the Kaiser Fan Club
test,0,Unraveling the Neocon ideology Not Salon approved Oozing with toxic masculinity#MAGA #BLUELIVESMATTER #FREEMARKET #NAVY #VET I am the Danger
test,0,"Adopt a shelter pet fill your home with wags,mews,kisses,cuddles most of all loveI tweet to help shelter pets find good homes"
test,0,level headed mom who loves life and happinessregistered independentI am sick and tired of the hateAdd me to a listyou will be blocked
test,1,#Standforanthem #kneelforcrossProud AmericanPro-life Christian#Trumptrainâ¤our MilitaryVeteransBlue Lives MatterNO LISTSPLEASE!
test,1,I am a military officer
test,1,Vertretungsberechtigtes vollautomatisiertes Alter Ego von @leitmediumBeantwortet gelegentlich auch DMs
test,0,Aspiring Attorney in Bird Law
test,0,@Bellingcat contributorI think about OSINTMENAPythonMANPADSArabicterrorismsoccerfood (hold the animals)
test,0,Help register 2A #MAGA supporting US citizens to vote and get them out to the polls in NovemberSupport Constitutional ConservativesNRA Trigger the Vote
test,1,I'm here to help @1IronMan2018 and #HeroesResistin #TheResistanceThis is a fan account#NeverAgain #AvengersAssemble #Shawarma
test,0,New York nativeVancouver transplantTemporarily in Costa RicaTechnical lead at Ganchrow Scientific
test,0,dad ğŸ‘¨â€ğŸ‘©â€ğŸ‘§â€data geek rugby union fan sap employeeğŸ“±proud south africanğŸ‡¿ğŸ‡¦all views my own
test,0,Our neighbors are not the enemy#BlockedByChiefCovfefe
test,0,#America1st #VetsBeforeIllegals #NoDaca #BanIslam #BuildTheWall #NoAmnesty #ProudChristian #ProudConservative #MAGA #QAnon #GreatAwakening#Republican #1A #2A
test,0,The cone of silence isn't healthyGet out of the bubble and Get Smart
test,0,TWEET ME IF YOU LIKECAUSE I LIKE(infocommentscomplaints and random thoughts from a random brainTweets ğŸ‘ğŸ»BTC1BpUQqVK7ACAZGnPquD1VDqWRukR7aQqnC
test,1,Cosplay fan/TravelerWaiting you at https://tco/5iuzC1ckXi
test,0,"From Miami,Flnow living in the Metro Detroit area â¤vintage knick knacks â­ï¸vinyl recordscrafter cat lady100 year old arepaâ˜•ï¸ğŸ“ğŸŒˆğŸŒ™ğŸŒ¹ğŸˆğŸ‘½ğŸ¤·â€â™€ï¸ğŸ•ğŸ¹ğŸ”®ğŸ¦„ğŸŒ¹"
test,0,Lawyer/Journalist/Provocateur
test,0,Christian Pastor Veteran Police Officer TRUMP is my President #BackTheBlue #USAfirst #MAGA #CCOT
test,0,Constitutionalist for self accountabilityGayThe only discrimination Iâ€™ve experienced has been by liberals who are intolerant of different ideasğŸ³ï¸â€ğŸŒˆğŸ‡ºğŸ‡¸
test,0,German specialist on Russiamediapublic diplomacyHead of Dept for RussiaUkraine and Turkey at Germany's int'l broadcaster DWViews my own
test,0,Leftieheathenlippy as fuckTrolls have no power hereIf you say betacuckvirtue signalor red pill you've already lost
test,1,O scrivi Italia o scrivi libertÃ Due termini distanti come la Costituzione formale e quella materiale!
test,0,Community ManagerSocializer Workaholic Â´Man merkt niewas schon getan wurdeman sieht immer nurwas noch zu tun bleibt(Marie Curie)
test,0,Curator of https://tco/pmfBoe4klM Contributor to Vancouver Confidentialhttps://tco/ZvQBlXfqOX #280characters or less
test,0,Arts Culture Basketball Football (USFun Government Politics NCAA football NFL Science Technology
test,0,Runs on post-itstweets about #graphicdesign #UX #UI #CFB #BBN #KentuckyKicksAss #ENTP #localgov #socialmedia #gsmcon2018 #elgl18 #aspa2018 presenter
test,0,Warchief of the Orcish HordeChieftain of the Blackrock Clan
test,0,physiciststartup founderbloggerdad
test,0,Fellow na Conectas Direitos Humanos
test,1,BerlinerDu meintest wohl PfannkuchenFan von @rbb24
test,1,follow me i followback
test,1,ğŸ‡ºğŸ‡¸ğŸ‡ºğŸ‡¸ğŸ‡ºğŸ‡¸Set Starts When You Think It Should End WORK HARDERâš¾ï¸ğŸˆUSAğŸ•º
test,0,from the creator of @dog_rates
test,0,I block liberals because they're insane
test,0,Speaker (privacymetadataredactionSTEMAuthor 13 booksViews are my own
test,0,45th President of the United States of AmericağŸ‡ºğŸ‡¸
test,0,Founder of BASSGLLCSoftware Solutions for Energy EfficientIntelligent BuildingsAnalyticsActionable Intelligence
test,0,Former federalist who gave up on states when they gave up on people#Democratpartner to @JanUnhingedmember of #TheResistance #BLM #UniteBlue #Resist #FBR
test,1,Costume designer \BeautyCheck out https://tco/4pYSRVe2eN
test,1,âš”ï¸Protector of equality ğŸ³ï¸â€freedomsafe/healthy EarthResistance #TW Fighting authoritarian regimeinhumane acts ğŸš«lists R/P #WWWResistâš¡##BOF
test,0,American citizen
test,0,InfoSci PhD studentI research how we embed our epistemology and worldview into the things we createQueer ğŸ³ï¸â€anti-capitalist https://tco/h4IxIYLYdk
test,0,Professor at Annenberg School for Communication USC
test,0,https://tco/9UQpW2Hlvf
test,0,A political tragic from PerthWAI occasionally pretend to be philosophicalYesI am a WoW geek:P
test,0,Official Twitter for MonkeyBooThe coolest monkey in the world https://tco/pNyqnGNIBT https://tco/FVpXXvYfiaBusiness EmailMonkeyBooEmail@gmailcom
test,0,I like just about everyone I've ever met If you're not certain you made the cutyou probably didn't
test,0,ğŸ“±My smartphone is my officeğŸ”‘ğŸ—„ï¸#bounty #airdrop #altcoins #ETH
test,0,Quasi-adultAnti-racistAlways ready with a joke at the wrong timeJust 'cuz I follow youdoesn't mean I like you ğŸ˜˜
test,0,#politics mostly #lfk ğŸ‡ºğŸ‡¬ni ğŸ‡®#freepalestine ğŸ‡µ#intersectional#neurodiverse#repealthe8th#pcpeu ğŸ‡ª#blmi *tryfor respectcompassion facts#1in4;
test,1,Activistmoderate liberal #Latina #TurnTexasBlue #LGBTQ ally ğŸ³ï¸â€Lists/Trolls=(political fan acct#BeAWarriorğŸ‘ŠğŸ½
test,0,Proud Wisconsinite@Packers fanfather Views posted are mineExecutive Director @WI_Majority #NRA #Packers #WIRIGHT #MAGA MARRIED!!#2A #2Adefenders #AR15
test,0,I like long walks on the beachand short walks on the beach too
test,0,Photographing the American West since 1980I specialize in location portraits eventsboth indoors outsideusing natural light portable studio lighting
test,0,Canadian author and outspoken advocate for #Cannabis #Equality #BasicIncome 65 years agothe docs told me I wouldn't make it 5They were wrong#FuckCancer
test,0,We are an art collectiveformed by passionate cybernautsretirees from mainstreamcontent craftsmenart cooksmusic brewer and video senseisFounded 2006
test,0,Proud to be a #carriefisher RIP and star wars fanInternational Student Advisor at the University of Worcester
test,0,Believe in yourselfWork hardnever give up anything's possibleORKick backrelax aim lowYou'll never be disappointedğŸ˜œ
test,0,FarmaJohn in the streetsParmigiana in the sheets
test,0,EbertarianFeministPolymathDilettanteVideo Essayist and CriticWriter for @MovieMezzanine
test,1,Immer auf die volle Stunde eine Nachricht mit der Zeit
test,0,Retired Attorney
test,0,"Candace Vianna #romance #author of The Science of Loving https://tco/gBVb5T37qb I check profiles,don't waste my time#DWMT Also published under EVIverson"
test,0,Libertarian/Atheist/TreePlanter/IntrntlAffairs-PoliSci/MediaBroadcaster #LiberViernes Libertopolis/#HDP TVAztecaGuate/#RepVsPop
test,0,NOT A BOT #MAGAğŸ‡ºğŸ‡¸ğŸ‡ºğŸ‡¸Proudly followed by Gen FLYNNPOTUS 2020twitter to support POTUSBLK TROLLSSick of DEMNUTS!#CrumbAct Truth Seeker
test,0,I'll figure it outsomeday
test,0,#Glucose #T2D #Habits #Insulin #Resistance #Vitality #Wellness #Interviews #Metabolism #Epigenetics#Diabetes#80/20 #mTOR#Fit#IF#Longevity ğŸ˜€#Family
test,0,Halte mich an die Anweisungen um mein Profil aussagefÃ¤higer zu machenHier beruflich unterwegsIwo zwischen Freud und strunk
test,0,Feed from The Politics Blog with Charles PPierceRetweets do not (necessarilymean endorsementsMarquette BBKerry GAALes Habitants
test,1,Public librarian in the Florida KeysViews my own
test,0,SportsPolitics and Video GamesBringing the issues to your feedWas a parody account but reality became a parodyMasters in Environmental Science(I)
test,0,Proud American Strive 2b civil&kind HATE hypocrisy May hope and truth flourish ğŸ‡ºğŸ‡¸
test,0,Sustainability story teller and #ESG analysisTopics on #investing#climatechange#food bevanimal welfareand #SRI Views are my own
test,1,A system for real-time collectionannotation and analysis of content published by global #news outlets#newsfeed #API #AI
test,0,Political investigations and enterprise reporter for @washingtonpostEmail me at heldermanr@washpostcom and see more about me at http://tco/C5dMFuKwFa
test,1,Fan acct #StrongerTogether I'm not giving up and neither should youIf anything goes wrong#UseYourPowers #MomsResist #WWWresist #FLResists#HeroesPersist ğŸŒŠ
test,0,I'm a fatherlawyer and investorI'm decrypting the tweets of the 71-year-old child who is our Presidentas well as others who propagate and enable his lies
test,0,FinTech attorney at Womble Bond DickinsonInterestsprepaid cardsvirtual currencycivil rightsNative American and Inuit artchipmunks
test,1,The best content in the Universe!
test,1,World news
test,0,Grumpypantsconservativequiltersoftware engineerbeer drinkerstaff to two cats--sometimes all at once
test,0,Lover of the Dallas CowboysHater of Trumpthe 0420 refers to potnot being a bot  #FuckEmAll
test,0,A Natural Born Conservative
test,0,Business thinker and authorkeynote speakerProteus founderwife/mom/grandma/sister/friendfinder of clarity in chaos#leadership #bebadfirst #culture
test,1,Twitter Censors Everything MOVE to https://tco/gm9QsuRWJ6 for true FREE SPEECH FOR ALL Click for me on Gab https://tco/ssIwuepemR
test,0,Houstonian
test,0,I am a sinkPart of the Bathroom Gang@iamasink isn't me
test,1,Award-winning web aficionadoğŸ˜±Evil explorerğŸ˜±Coffee guruğŸ˜Proud pop culture junkieğŸ˜Internet fanaticğŸ˜¼TvaholicğŸ˜‡
