text,label
RT @NCIDirector: This is a helpful #COVID19 resource from @StJude Children's Research Hospital for parents who have immunocompromised child‚Ä¶,1
"Two positive cases of #COVID19 detected in India.

#coronavirus #CoronaVirusUpdate #CoronaVirusFacts #CoronavirusIndia 

@MoHFW_INDIA @PIB_India https://t.co/ugGw2bcEZC",1
"RT @Kevin_Shipp: Expert who created the ""US BioWeapons Act:""  Coronavirus Is Biological Warfare Weapon. This gets stranger by the day. http‚Ä¶",0
NEW: China reported no new confirmed cases of COVID-19 across the country on Saturday for the first time since the pandemic started there late last year https://t.co/2iw57QVgSB,1
"In a span of 12 hours, the @MoHFW_INDIA reported 240 new cases and 3 new deaths across the country taking the count of confirmed cases to 1637 and deaths to 38 as of 9 AM on April 1, 2020. #CoronaVirusFacts #COVID19 #coronavirus #CoronaVirusUpdates 

https://t.co/EzI2QTNu9E",1
"RT @CDCtravel: Thinking about traveling? Before you go, consider the following: 
‚Ä¢ Is COVID-19 spreading where you‚Äôre going? 
‚Ä¢ Is COVID-19‚Ä¶",1
RT @jan_trops: It's a small blessing people who grew up reading greentext threads are immune to bullshit twitter tales spun by narcissistic‚Ä¶,0
RT @OANN: Johnson &amp; Johnson to create coronavirus vaccine https://t.co/3vFiufKaeV #OANN https://t.co/L4U8K7FRRb,0
"#COVID19 has made it necessary for us to re-think our shopping trips. When you have to go on a grocery run, make a list so you can do it all in one trip, and don't feel like you have to buy and hoard all the food. Get more smart shopping tips at https://t.co/co4bWGQZEb. https://t.co/pesiJAVbjv",1
"@kjhalvy To be fair, dinosaurs have been proven to be immune from the coronavirus.",0
Tensions rise between the White House and CDC as Dr. Deborah Birx critiques virus tracking https://t.co/1LCS3lci2O https://t.co/RfsA0RVyj5,1
About Novel Coronavirus (2019-nCoV) | CDC https://t.co/JEUhI84vov,1
"RT @jonfavs: ‚ÄúUnder a little-known provision of the Affordable Care Act, health insurers must cover federally recommended vaccines at no co‚Ä¶",0
"RT @ayemojubar: BREAKING: Doctors cure #coronavirus patient using HIV drugs.

Doctors in China are claiming to have cured patients sufferin‚Ä¶",0
"You play an important role in stopping the spread of the coronavirus (COVID-19).  Stay Home, Wash Your Hands Cover Your Cough, Don't go to School or Work if Sick, Clean Frequently Touched Surfaces
#ProtectYourself #ProtectYourCommunity #COVID19 
WATCH:  https://t.co/K7OT1DlSXq https://t.co/XpMrr7kzAE",1
"RT @Jimcorrsays: Looks like Bill Gates Paid the WHO in Order to Get the Organization to Declare #Coronavirus a Pandemic.

https://t.co/CDy9‚Ä¶",0
The corona virus is ruining football. Really hope they find a cure soon,0
"""We still have a long way to go in the #COVID19 pandemic. 

In the last 24h, there have been 106,000 cases reported to WHO ‚Äì the most in a single day since the outbreak began. Almost two thirds of these cases were reported in just four countries""-@DrTedros",1
#Coronvirus Today a lady in China Chen wei.  She is very professional.  She put the vaccine on her body.  She help Africa against the Ebola before,0
RT @ifyouseekkae: Corona Virus won‚Äôt kill us. This government‚Äôs incompetence will. Duterte will probably just say ‚ÄúCorona virus... potangin‚Ä¶,0
"Wednesday‚Äôs Daily Express:
""Drug boosts virus survival hopes""
 
#tomorrowspaperstoday
#bbcpapers
(via @BBCHelena) https://t.co/v6uVqil4xG",1
"RT @GreatGameIndia: EXCLUSIVE

#Coronavirus Bioweapon Thread

How China Stole Coronavirus From Canada And Weaponized It
https://t.co/tc7W2D‚Ä¶",0
"""And yet, on current trends, more than 5 billion people will lack access to essential health services by 2030 ‚Äì including the ability to see a health worker, access to essential medicines, and running water in hospitals""-@DrTedros #COVID19 #HealthForAll",1
.@CDCgov also issued guidance today advising gatherings of 50 or more be canceled/delayed for next 8 weeks throughout the U.S. Goals are to reduce intro of virus into new communities &amp; slow the spread of infection in areas already affected by COVID-19. https://t.co/RA7C7tTiMW https://t.co/OWmBd8tNYy,1
"The #GatesFoundation, #event201, foreshadowed an outbreak of a ""#zoonotic"", ""#coronavirus"" back in 2017. It concluded with some pretty chilling outcomes. Coincidence? We certainly hope so. 
#WuhanVirus #journalism ü¶†üò∑
https://t.co/K8Qb5YS5eS",0
"3/4 In areas where #COVID19 activity may still be occurring, wearing a non-medical mask or face covering when you can‚Äôt keep a 2-metre physical distance can provide an additional layer of protection to help prevent spread. https://t.co/EDe54HVEtq",1
RT @G1rfan: While the world awaits a scientific breakthrough in vaccine development to fight the coorona in India‚Äôs conflict hit and politi‚Ä¶,0
.@LakeshoreFound and @NCHPAD are trying to identify what people with disabilities and people with chronic conditions need most during the #COVID19 crisis. Please answer the questions at https://t.co/cISxdQZTFy. The survey will be active through April 17. https://t.co/bTdNMVE65D,1
"We asked epidemiologists and public health experts to rate the risk of 14 summer activities. 

‚ö†Ô∏è A warning: Your personal risk depends on your age and health, the prevalence of the virus in your area, and the precautions you take during any of these. https://t.co/q0DG8XmACI",1
RT @business: The first Covid vaccines may not prevent you from getting Covid https://t.co/wyw6fssFfw,0
RT @guardiannews: Researchers make strides in race to create coronavirus vaccine https://t.co/aCjI4gWQGC,0
RT @jerome_corsi: Amazing coincidence: Coronavirus VACCINE just announced https://t.co/cLIZ1Kf0fe How many gov elites have 2019-nCoV in Wuh‚Ä¶,0
RT @GovMurphy: Yesterday there were 360 new #COVID19 hospitalizations and 164 live discharges. https://t.co/zUJga42Woa,1
"@moteging 
It became clear that we were trying to scatter the US and Hong Kong and Taiwan with bioweapons!  One thousand people returned to China with a plan to create bioweapons in Wuhan, leaked!  
 https://t.co/aEKHlilhef
https://t.co/5Bdyoc5fAd",0
"RT @HerbsandDirt: To paraphrase RFK Jr.; all of the vaccine manufacturers have been convicted of felonies , but somehow they‚Äôve found Jesus‚Ä¶",0
"@MSNBC
It became clear that we were trying to scatter the US &amp; Hong Kong &amp; Taiwan with bioweapons! One thousand people returned to China with a plan to create bioweapons in Wuhan!Don't put in Chinese! It's dangerous!
 https://t.co/1ZqUky66jn
 https://t.co/ktpdwfAXLk",0
"The NEWS from CHINA is
Western Manufactured.

They're just coming out
of their Lunar New Year.

Coronavirus is fake words
&amp; PhotoShopped pics.

It's a paper tiger.

Relax.

CORONAVIRUS
is a response
to Chinese
hacking &amp; is
gutting China's
economy.

It's working.

#rogerbezanis https://t.co/1eAObMlY9E",0
"A viral message claiming Japanese Nobel laureate Tasuku Honjo declared that SARS-CoV-2, the coronavirus responsible for COVID-19 is man-made is false. Honjo has not made any statements about the origin of #coronavirus. #CoronaVirusFacts #FakeNews #Covid_19
https://t.co/UiH856ORxq",1
"One thing we can do to minimise virus transmission is take care of red zones ‚Äì avoid travelling to and from these places, says Dr. Jeenam Shah, Consultant Chest Physician &amp; Interventional Pulmonologist to @govindethiraj.
@DrJeenam @WockhardtHosp @Bhatia_Hospital https://t.co/NqxtLqQEuA",1
"RT @WHO: LIVE: One world, #TogetherAtHome! #COVID19 https://t.co/kHCdwCHKwf",1
RT @Inevitable_ET: The Bill and Melinda Gates Foundation co-hosted a pandemic exercise in late 2019 that simulated a global coronavirus out‚Ä¶,0
Seven French schools close after reopening last week as child tests positive for Covid-19 https://t.co/7cWOQ5QGt5 https://t.co/qc8bGeg1VD,1
Awww üíï breakups are hard.  That‚Äôs cute. @WHO subtweeted @realDonaldTrump https://t.co/mwD8bO2Wmb,1
"We want you to be informed, but too much news about #COVID19 can be stressful and overwhelming. 

Take breaks from the news and social media throughout the day and try to do other activities you enjoy, like listening to music, practicing yoga or talking to a friend on the phone. https://t.co/MqbUupLBdS",1
"""2‚É£ that health system capacities are in place to detect, isolate, test and treat every #COVID19 case and trace every contact

3‚É£ that outbreak risks are minimized in special settings like health facilities and nursing homes""-@DrTedros",1
"This funding can be used by states, localities, territories, and tribes to: 

2. Develop tools and strategies to combat #COVID19 [5/ ] https://t.co/3prbrapihB",1
"About 13% of the üåê population aged 15 to 49 lived with #herpes simplex virus type 2 (HSV-2) infection in 2016. HSV-2 is almost exclusively sexually transmitted, causing genital herpes. Infection can lead to recurring, often painful, genital sores in up to 1/3 of people infected. https://t.co/aNgaxDKpA3",1
"2/2 Sustainable changes, including appropriate supports for those who live, work &amp; care for others in these settings. Big efforts = Best outcomes. Let‚Äôs get this right Canada. Let‚Äôs corner &amp; conquer this virus! #COVID19 #ProtecttheVulnerable #PersonalSupportWorkers",1
RT @MrAstrotheology: China Massive Lockdown over Novavirus; Mandatory Universal Vaccine Agenda Has Beg https://t.co/7uruEwbKR2,0
"@zedchuva Hi there ‚Äì The three-month waiting period refers to Ontario Health Insurance Plan (OHIP) coverage, not COVID-19 screening and care. We're waiving the three-month waiting period for OHIP to ensure anyone in need of care can receive it. (1/3)",1
RT @ivanajpavlovic: The #coronavirus is a manufactured #BioWeapon for the purpose of population control. News websites attempting to report‚Ä¶,0
We fact-checked why the US has more COVID deaths than Canada https://t.co/3lWfWME84s,1
"RT @WHO: When there are NO reported #COVID19 cases, to stop transmission &amp; prevent spread:
üò∑Promote self-initiated isolation of ppl with mi‚Ä¶",1
RT @carmindabrendel: Bill Gates Accused Of Starting Ebola Outbreak In African Village By Putin https://t.co/t2gyE03hFL,0
"RT @WHO: @DrTedros Reduce your risk of #coronavirus infection
https://t.co/PKzKaO2yfK https://t.co/bLmr4z3y1t",1
@FerdOwner Fake https://t.co/jjc7CULB5A,1
RT @CDCgov: Protect yourself and others from #COVID19 when out shopping. This video shows you how: https://t.co/qOJIH4fvzD. https://t.co/0d‚Ä¶,1
"RT @Dinesh_Jat_: #NoMeat_NoCoronaVirus
Is corona virus or cancer?  Whatever may be the disease, Saint Rampal ji is cured only by the blessi‚Ä¶",0
Original Article: SARS-CoV-2 in Iceland #COVID19 #SARSCoV2,1
"If you would like to volunteer during the COVID-19 public health emergency, the Commonwealth is seeking people from both medical and non-medical professions. Sign up here: https://t.co/Sb9IkaehK6 #covid19MA https://t.co/OULsx8NX5b",1
"RT @aproko_doctor: Dear young people:

You are not immune to COVID19.",0
RT @dman16384: CaroGen‚Äôs vaccine candidate employs transformative VLV platform technology developed at Yale University School of Medicine a‚Ä¶,0
"""In response to #COVID19, WHO has utilized our https://t.co/RjHSBkVjlH platform and translated guidance into training, including 68 online courses to improve the response to health emergencies""-@DrTedros",1
"‚Äú5. Just take oregano oil, vitamin C or salt water
Prominent anti-vaxxers and natural medicine groups have been sharing posts suggesting oregano oil, vitamin C, and saltwater are either good ways to prevent coronavirus or cure it. They will not.‚Äù https://t.co/6SwJxhP5fI",0
"Wednesday's Telegraph: ""Treasury says virus to cost ¬£300bn as it warns of tax rises and pay freeze"" #BBCPapers #TomorrowsPapersToday (via @hendopolis) https://t.co/MHY9Fq3bxJ",1
Luc Montagnier won the Nobel Prize for for his discovery of the human immunodeficiency virus (HIV). https://t.co/VG3PC1CQI1,1
"Facebook posts use a photo of a vaccine for cows to falsely suggest that the novel coronavirus isn‚Äôt actually new, alleging it is proof of ‚Äúhow much the media controls people.‚Äù The cattle vaccine has nothing to do with the COVID-19 virus. https://t.co/RvDffWiB1e #CoronaVirusFacts",1
"RT @EurekaStockade3: Thats why in a very short time--the Corona vaccine will magically appear
And millions will be vaccinated--esp Chinese‚Ä¶",0
RT @broderick: A Pro-Trump Blog Has Doxed A Chinese Scientist It Falsely Accused Of Creating The #Coronavirus As A Bioweapon https://t.co/B‚Ä¶,0
Get the latest updates about #COVID19 on our website: https://t.co/TVJ3KHe88o #covid19MA https://t.co/g8cbShEVsn,1
"Based on data so far, doctors believe that 1%-3% of people with COVID-19 will get conjunctivitis, also called pinkeye. More information: https://t.co/SRvUDyOUJO https://t.co/Y85yndpo63",1
"As global travel grinds to a halt due to #COVID19 lockdowns with no conclusive sign of reopening quickly, what will happen to an already struggling aviation industry? @fayedsouza discusses pay cuts and layoff with Capt. SS Panesar, Aviation Expert. #Truth https://t.co/X2clMRPHPV",1
"RT @bongbongmarcos: Para sa mga karagdagan pang impormasyon:

WORLD HEALTH ORGANIZATION
https://t.co/Sf3bHkGp7T

CENTERS FOR DISEASE CONTRO‚Ä¶",1
"The new guidance recommends countries make specific risk assessments based on:
-local dynamics of #COVID19 transmission
-health system capacities
-public health benefit of conducting preventive &amp; outbreak response vaccination campaigns

https://t.co/oPy5OENztV https://t.co/cFfU1sza9n",1
".@Dan_Dickerson traded oil futures for 25 years on the NYSE. He explains how COVID-19 created a perfect storm for oil markets, and why it still doesn't make green energy inevitable. 
W/ @marcsteiner 

#OilCrash #oilprice #OilMarketCrash
https://t.co/PPWiQLU6qe",1
RT @kourtney152253: Kids who drank from the garden hose growing up are immune to the coronavirus,0
RT @catturd2: @dcexaminer It‚Äôs okay - we‚Äôll just declare it a riot and it‚Äôll be immune from the coronavirus.,0
"RT @transhumanismAU: China coronavirus: Hong Kong researchers have already developed vaccine but need time to test it, expert reveals | Sou‚Ä¶",0
"Some experts predict that, at the current rate of research, we could have a COVID-19 vaccine in as soon as 9 months for possible emergency use. https://t.co/k85tUYt5Lq https://t.co/AyjRTqM74E",1
"RT @inthecopa: üí• SHOCKER...WHOA üí•

Lysol kills Coronavirus! Wha!?

Video, in Spanish, shows can of Lysol claiming to be effective on the Co‚Ä¶",0
"How New Zealand relied on science and empathy to take on Covid-19 

https://t.co/FeVaxkxh7G",1
"RT @rayfromthe626: If you went to Torch Middle School you're immune from corona, all those years running that mile and inhaling that factor‚Ä¶",0
RT @CDCgov: CDC Briefing Room: Dr. Nancy Messonnier gives an update on #COVID19. For more info visit https://t.co/1ifchVQ9jm https://t.co/5‚Ä¶,1
If @cnn told us the only cure for Covid 19 was to slit our wrists I think people would do it.   #sheeple,0
Advice for public. https://t.co/YDRcCB55l9,1
"""We accept the committee‚Äôs advice that WHO works to identify the animal source of the #coronavirus through international scientific &amp; collaborative missions, in collaboration with the @OIEAnimalHealth &amp; the @FAO of the @UN""-@DrTedros #COVID19 https://t.co/n12kESlE8I",1
The hotel rooms are intended for people who have tested positive for COVID-19 but have mild symptoms that don‚Äôt require a hospital stay. https://t.co/Z89w9Ouvoz,1
"I hate to be right on this, but it seems the #nCoV was indeed a product of a biowarfare program... does that now absolve the Gates Foundation? just asking... #coronavirus #conspiracytheory https://t.co/s8ZKffpi65",0
"RT @Adzfromda: Bill Gates made a ""simulation"" about a possible pandemic that just happens to start in China like the Coronavirus https://t.‚Ä¶",0
"An old image of West Bengal chief secretary Rajiva Sinha at an informal gathering has resurfaced on social media with claims that he is unwinding despite the growing #COVID19 death toll in the state. #BOOMFactCheck #FakeNews #coronavirus #WestBengal

https://t.co/h2WD035Q35",1
"Do you have symptoms similar to those associated with #COVID19 and wondering if you should seek medical care? Check out this infographic for seeking care ‚§µÔ∏è

COVID-19 symptoms include fever, cough, shortness of breath + diarrhea. Symptoms may appear in 2-14 days after exposure. https://t.co/4ro9Mj56sf",1
"RT @Earth_ToHeaven: #NoMeat_NoCoronaVirus
True worship cures diseases like AIDS or cancer. By the way, to avoid the corona virus, true wors‚Ä¶",0
RT @Thomas1774Paine: Creator Of US BioWeapons Act Says Coronavirus Is Biological Warfare Weapon https://t.co/MKKZyhdBxd,0
"RT @BhavikaKapoor5: Here's authentic scientific news on COVID19 vaccine. 
(Not like Ramdev fraud) 

Coronavirus: Human trial of new vaccine‚Ä¶",0
U.S. deaths from COVID-19 have increased to 16 as Florida officials confirm two deaths. https://t.co/3BRfn2bl0G https://t.co/UiTZHIVQxx,1
"RT @WayneDupreeShow: Do we have a vaccine for Stage 5 Trump Derangement Syndrome? 

If so, I nominate Cher to be the first recipient becaus‚Ä¶",0
Gov. Gretchen Whitmer‚Äôs COVID order does not ban gardening or the sale of seeds and fruit in Michigan. https://t.co/2a2DjyJN6W,1
"Prior to the #COVID19 pandemic, the world had made immense progress in ensuring that children are vaccinated. In 2018, 86% of children under the age of five were vaccinated with three doses of diphtheria, tetanus and pertussis (DTP3). #VaccinesWork for all! https://t.co/gH7C7Sg8Aj",1
A video went viral of Facebook with visuals of several people lying on the ground. Claims have been that they were the COVID-19 victims in India.  #Corona #coronavirus #COVID #COVID19 #covid19 #Fake #Modified https://t.co/KpfSO8MrKK https://t.co/ynrTvh9kDg,1
Get the latest updates about #COVID19 on our website: https://t.co/TVJ3KHe88o #covid19MA https://t.co/EpwO4XbDHa,1
RT @grooovybee: The meth you mistook for molly in 2014 was the Corona virus vaccine,0
@HilowFF @DynoGameTheory Ok but also he's immune to COVID now ü§∑‚Äç‚ôÇÔ∏è,0
"The World Health Organization says there's ""no evidence"" that recovering from COVID-19 protects against reinfection ‚Äî and thus, proposals for reopening society based on such an idea are unreliable. https://t.co/eYxlrWzvK8",1
"RT @ParveenKaswan: Prevention is better than cure. True for #coronavirus also-

1. Frequent hand wash with soap and water. Soap is better t‚Ä¶",0
"RT @TheRickWilson: Hardest possible no

DOJ seeks new emergency powers amid coronavirus pandemic - POLITICO https://t.co/Eu7sSmVTSz",1
RT @WHO: LIVE: Daily media briefing on #COVID19 with @DrTedros #coronavirus https://t.co/OtHOL9LXcL,1
RT @CDCgov: Protect yourself and others from #COVID19 when out shopping. This video shows you how: https://t.co/qOJIH4fvzD. https://t.co/0d‚Ä¶,1
"RT @CPHO_Canada: 1/12 There continues to be a concerning increase in the number of #COVID19 cases reported in #Canada, with all provinces n‚Ä¶",1
@Bone_Brake @ReneeCarrollAZ Stop spreading the coronavirus,0
"RT @Surgeon_General: Get the facts on our 15 days to slow the spread guidance. Visit https://t.co/68gjnc3RSl for more information.

#COVID1‚Ä¶",1
"The flu will kill us in America  before the #coronavirus. The lack of Healthcare in America will kill us before the #coronaviruse. Trump will kill us before the #coronaviruse.  Income inequality will kill us before the #coronavirus in America. The  #cornonavirus
Is our friend.",0
"RT @WHO: Q: What can I do to protect myself from #coronavirus?

A: https://t.co/PKzKaO2yfK https://t.co/eNhlhR0PEq",1
RT @CONSENTKINGS: Found the cure to the coronavirus https://t.co/2kseUxvIPp,0
I heard eating ass makes you immune to the coronavirus.,0
You can find today's public health emergency order and other future emergency actions taken by other state agencies as they participate in Alabama‚Äôs response to #COVID19 at https://t.co/D6h9PPl8in. https://t.co/o55pEH0KdR,1
"RT @JuliansRum: In 2019 Trump secured 200K donations per year for 11 years of an HIV vaccine. It‚Äôs made by Gilead.

Doctors just cured a Se‚Ä¶",0
"RT @rajkumar8973: #NoMeat_NoCoronaVirus
Sat bhakti cures diseases like AIDS or cancer. By the way, to avoid the corona virus, satbhakti is‚Ä¶",0
RT @GSK: We‚Äôre collaborating with @CEPIvaccines to make our adjuvant technology available to support the development of a vaccine candidate‚Ä¶,0
"""In Wuhan, üá®üá≥ the 1st cluster of #COVID19 cases since their lockdown was lifted was identified.

üá©üá™ has also reported an increase in cases since an easing of restrictions.

Fortunately all 3 countries have systems in place to detect and respond to a resurgence in cases""-@DrTedros",1
"BOOM has tracked the #COVID19 pandemic and fake news around it for months now. Stay updated with the latest news on health, economy, politics and more affected due to the virus with our EXCLUSIVE #coronavirus newsletter. #SignUp

https://t.co/TDwAMhLhJE",1
"100s of thousands of people die from the common flu globally, annually

The most impacted are the young, elderly, people with underlying health issues. There is a vaccine for common strains of flu. Not coronavirus. 

That‚Äôs why health authorities are worried.",0
Hi Latest Coronavirus news... The quest for the coronavirus vaccine https://t.co/fcr5Hbjn61,0
"Indian hospitals are getting overcrowded by #COVID19 patients, while patients suffering from ailments even as severe as tuberculosis have been put aside. A post COVID-19 healthcare system crisis awaits India, according to Dr. Madhukar Pai (@paimadhu)

https://t.co/u5BlFp9qjQ",1
RT @SharylAttkisson: I defer to https://t.co/2E8ilK708i but this is the clearest explanation I've seen given to the public about how scient‚Ä¶,1
"RT @CPHO_Canada: 4/4 Going forward, we need to be vigilant &amp; keep up #COVID19 practices like #PhysicalDistancing, #GoodHygiene, #StayHomeIf‚Ä¶",1
"RT @Brain1Rn: üì¢üí•Is the Corona Virus a released BioWeapon ???üí•üì¢
#dcqstaff @realDonaldTrump 
https://t.co/K4MTo0ejQi",0
"As U.S. hospitals deal with a continuing influx of COVID-19 patients, cardiologists are sounding an alarm: People may be ignoring heart attack symptoms in fear of going to the ER. https://t.co/XhgkPJKZxy https://t.co/0B9G0YKB5Q",1
"RT @Kuldeep30704416: #NoMeat_NoCoronaVirus
Disease like AIDS or cancer is 
cured by pure devotion. However, satbhakti is necessary to avoid‚Ä¶",0
RT @a_centrism: My feed is jammed today with conspiracy theories about the coronavirus being a bioweapon that leaked out from a lab in Wuha‚Ä¶,0
RT @EyesOnQ: Creator Of US BioWeapons Act Says Coronavirus Is Biological Warfare Weapon https://t.co/L6kIWnpupV,0
"RT @epochchanger: When it comes to #vaccine mandates, 
health officials know how to tighten the screws.
Just ratchet up the fear.

Remember‚Ä¶",0
"5/7 
B) ‚Äú#COVID19 time is NOT #cottage time‚Äù; #StayHome in the city &amp; DO NOT put rural communities at further risk during the #COVID19 crisis. 
#DoYourPart #SlowtheSpread 
#FlattentheCurve #PlanktheCurve",1
"RT @Bossina8: #coronarovirus üò∑

Coronavirus Bioweapon ‚Äì How China Stole Coronavirus From Canada And Weaponized It

https://t.co/aWqCnpXQJv",0
"@OffGuardian0 @CDCgov is on it:
How to protect yourself
You may be able to reduce your risk of infection by doing the following
wash your hands often with soap and water for at least 20 seconds
https://t.co/SbNdQjhdPR",1
RT @cynthiamckinney: I wouldn't trust ANY vaccine created and distributed by the USG or the Bill &amp; Melinda Gates Foundation; China is right‚Ä¶,0
"RT @DeplrbleRzistr: It‚Äôs almost as if a whole lot of Americans have Covid and their immune systems are dealing with it just fine. 

Could i‚Ä¶",0
"NEW: The president used his daily coronavirus briefing to suggest UV light, humidity and disinfectants could be used to treat the virus https://t.co/FsUA0I1FcB",1
"RT @love_proxy: So,I just heard cocaine kills coronavirus.üòÇ",0
@Bibibobibox @TS_SCI_MAJIC12 Maybe it is not corona virus that is killing them.  What if is something more lethal?  Corona virus just isn't that lethal for healthy individuals.  Maybe it was an opportunity to slip something else in to do the dirty work.,0
"RT @FuctupMike: If anyone gets the Corona virus, get yourself some lysol.

That shit apparently cures everything.

(do not ingest. I am not‚Ä¶",0
"America's legacy of white supremacy has marginalized Black communities with redlining, segregation, poverty, and lack of access. Combating the history of abuse and mistrust is key to surviving the COVID-19 pandemic. 
W/ Dr. Ron Daniels of @IBW21st https://t.co/Fa0abhwLn7",1
"RT @SCMPNews: China coronavirus: Hong Kong researchers have already developed vaccine but need time to test it, expert reveals https://t.co‚Ä¶",0
"The number of police personnel affected by COVID-19 has increased to 1,328 in Maharashtra of which 665 are from Mumbai.

There have been eight personnel deaths so far due to #COVID19. 

https://t.co/EzI2QTNu9E",1
"RT @WHO: LIVE: One world, #TogetherAtHome! #COVID19 https://t.co/kHCdwCHKwf",1
"#IndiaFightsCorona:

Know about the answers to some frequently asked questions regarding #COVID19 with our #COVIDFAQ. 
Keep yourself up to date with the correct information and help us to help you. 

#SwasthaBharat #CoronaOutbreak #HealthForAll #Lockdown21 https://t.co/qlgRtvBnLc",1
"RT @CDCgov: We‚Äôre still learning about how #COVID19 affects animals, but it appears that people can spread the virus to animals in some sit‚Ä¶",1
"Zero Hedge reports Wuhan was a man made LAB invention of HiV &amp; SARs (and twitter bans them), then Thailand reveals they have cured a woman by using with a cocktail of anti-virals used to treat flu and HIV 

Seems Zero Hedge may have been right.",0
RT @PJ_Matlock: $INO -  Inovio Pharma collaborates with Beijing Advaccine Biotechnology Co. to advance the development in China of INO-4800‚Ä¶,0
"RT @Bxyonesx: Breaking news : COCAINE KILLS CORONA VIRUS 

Me : https://t.co/LxyxNF2ES6",0
"RT @TMe1official: Cocaine cures corona virus!! üò±.  
This just got interesting.  

Amma become a dealer for humanity sake. üòÇ

Mexico and Col‚Ä¶",0
RT @JeffMcDev: when someone asks me why i don't think the coronavirus is gonna kill me https://t.co/NLraFh5yp2,0
"Community transmission of #COVID19 is occurring in several parts of the U.S., and travel bans and mandatory quarantines alone cannot end the outbreak. Many public health and legal scholars believe that more constructive tools are needed.",1
RT @FactsDevito: Danny Devito is immune to the coronavirus he has achieved this by drinking 10 gallons of corona every day for 6 years,0
"2 separate videos of mock drills conducted by police in #UttarPradesh on #coronavirus awareness are viral with false claims that the videos show police detaining suspected #COVID19 patients. #CoronaVirusFacts #CoronavirusLockdown @UPPViralCheck @Uppolice

https://t.co/ASXo0dIPz6",1
"RT @NinerAlex: If you ever drank out of these, you‚Äôre immune to Corona Virus https://t.co/RuCPi9PlJb",0
RT @ThingsWork: This is how spring breakers spread the Coronavirus https://t.co/XGkUljimXl,0
RT @SolomonYue: Must read! #coronavirus is a vaccine strain of coronavirus.,0
"Nancy Pelosi and Mitch McConnell declined a White House offer to make rapid COVID-19 tests available for Congress. ‚ÄúCongress wants to keep directing resources to the front-line facilities where they can do the most good the most quickly,‚Äù they said. https://t.co/0NYgfDvuel",1
Says corona virus can be killed under 80% proof spirit. The benefits of tanduay. Alams na. Who is up for T5.,0
Vaccines and other business related to #COVID19 #Biotechnology https://t.co/lUsPs7hZme,0
"Without interventions, city officials estimate Chicago could have had 1.5 million COVID-19 cases ‚Äî instead there are just under 10,000. New data suggest social distancing measures helped flatten the curve. (@WBEZ)
https://t.co/Syd3FzDrRJ",1
"Our new NJ COVID-19 Data Dashboard has cases by county, call center information and more.

Stay informed, Check it out now! https://t.co/S68NJClr0g https://t.co/IIiQxyRXA3",1
"RT @SonuD40718416: #NoMeat_NoCoronaVirus
Disease like AIDS or cancer is cured by pure devotion. However, satbhakti is necessary to avoid th‚Ä¶",0
Media briefing on #COVID19 with @DrTedros. #coronavirus https://t.co/e5rc2jbeZu,1
"@benclatworthy @thesundaytimes We are now in a second phase. The panic has abated and people are edging out of their homes but into a strange world of worry, social distancing and a minefield of new rules. 

Looking forward to the vaccine. Come on Oxford / London! What a tonic that would be for national pride!",0
"RT @WHO: Today is #WorldWaterDay.
Healthcare facilities need good water, sanitation and hygiene services to contain #COVID19 and prevent an‚Ä¶",1
"@MyTicketAlt @aubrey_huff COVID-19 Deception: Advisors, media w/ conflicts of interest - check. Misidentify virus - check. Misuse RT-PCR test - check. Fruits test positive - check. Give patients wrong treatment - check. Fudge CoD, hide 0.1% IFR - check. Bill Gates‚Äô vaccine &amp; nazi 'passport' - priceless",0
RT @loribella_buzz: #Buzz A little birdie said that #BillGates talked about #Event201 aka the #coronavirus  This is a man made virus that w‚Ä¶,0
"RT @cnnphilippines: Senate President Tito Sotto plays a video which suggests that the novel coronavirus may be a bioweapon. 

The video doe‚Ä¶",0
RT @chrissteinplays: If you ever went to the bathroom at CBGB‚Äôs you‚Äôre immune to the Coronavirus,0
"United States Government working at warp speed and giving billions for so called covid 19 vaccines plus military in distribution of 300 million vaccinations.
We know its the start of mass murder.

https://t.co/9TZqItX83L",0
"RT @nafeezi: Scientists in China has developed a vaccine for the coronavirus 

Lassa virus has appeared in Nigeria 51 years ago and has bec‚Ä¶",0
"#DidYouKnow There Are 50+ Granted US #Vaccine Patents with #CDC Listed as an Assignee?

https://t.co/pftZVn028A

It's a huge conflict of interest when a company that makes decisions about vaccination nationwide also greatly benefits from it.

#vaccines #LearnTheRisk https://t.co/n2ihkB7qHb",0
RT @Crof: Researchers make strides in race to create #2019nCoV #coronavirus vaccine https://t.co/WuBkYPSAQ0,0
RT @Reuters: Swedish town uses chicken manure to help stop spread of coronavirus https://t.co/GMYOTdf3ai https://t.co/q5q0hU1yEu,0
RT @__N0__VA: If you drank from one of these as a kid you are immune to the Coronavirus https://t.co/FAypMT1Skv,0
"RT @Stars4P: BILL GATES: Vaccines and health care can be used to reduce the populationüëàüèª
üí•coronavirus already has a vaccine üí∞üí∞üí∞https://t.co‚Ä¶",0
"RT @That_IjebuBadoo: I'm so glad we now have a vaccine for Coronavirus, now people can stop dying. We can save lives if everyone uses it üôè‚Ä¶",0
"RT @BrajeshParjapa1: #NoMeat_NoCoronaVirus
True worship cures diseases like AIDS or cancer. By the way, to avoid the corona virus, true wor‚Ä¶",0
"Bill Gates predicted a Coronavirus-like outbreak
Wow! BILL GATES&amp; his wife ,they CO- HOSTED ‚ÄúTHE PANDEMIA ‚ÄúEXERCISE IN LATE 2019 SIMULATED GLOBAL CORONAVIRUS. This is not a coincidence #MAGA2020  https://t.co/VKemcayY2t",0
"3/7 Some community cases can be traced back to a known exposure or setting but, for others, the source of exposure is unknown - the latter are the most problematic #COVID19 

#FlattentheCurve #PlanktheCurve",1
"RT @bhaktadasa: Thai Doctors ""Cure"" Coronavirus Patient Using Powerful AIDS Drugs | Zero Hedge https://t.co/HbCMvGpVuq",0
"RT @MichaelCoudrey: Thailand has potentially cured a coronavirus patient with an anti-HIV drug cocktail, with a patient testing negative af‚Ä¶",0
RT @SteveMotley: Italian MP Demands Bill Gates to Be Charged with 'Crimes Against Humanity' for Role in COVID-19 Pandemic https://t.co/2aRV‚Ä¶,0
RT @PuffDragon11: Just read the @zerohedge piece on the coronavirus. My PhD is in Mol. Bio. No doubt this is an engineered bioweapon and no‚Ä¶,0
RT @CalAging: Free hotline brings Deaf community info on #COVID19 in American Sign Language and English. Available Monday through Friday fr‚Ä¶,1
"Argentina is loosening the strict lockdown that helped secure one of the lowest death tolls from COVID-19 in South America. 
https://t.co/MZAy7EXTiR",1
Media statement: Children among 35 new cases of COVID-19  https://t.co/GhjmDL54Bz,1
RT @CDCgov: Protect yourself and others from #COVID19 when out shopping. This video shows you how: https://t.co/qOJIH4fvzD. https://t.co/0d‚Ä¶,1
"The unrelated viral images show chickens sickened with other diseases in Sri Lanka, COVID-19 has not been discovered in poultry. #BOOMFactCheck #FakeNews #CoronaVirusFacts #coronavirus #CoronavirusOutbreak #COVID19

https://t.co/oKYwOIZYDZ",1
"RT @OldClassicBrown: If you have ever been here, congratulations, you are immune from coronavirus https://t.co/tRdrrxJskF",0
"1/4 We now have detailed characteristics for a subset of #COVID19 cases in üá®üá¶. See the details on who (age, sex), what (exposure setting), where (geographic distribution) &amp; when (onset) here: https://t.co/E8IFeQDI7a 
#StayHomeSavesLives #PhysicalDistancing #StayInsideYourBubble",1
"Today @SecretaryLevine talked with @CNN's @andersoncooper about #COVID19 in Pennsylvania. 

Watch ‚§µÔ∏è https://t.co/utBjEB9bjN",1
RT @IIIDeaton: God already gave us the vaccine for the ONLY disease that leads to death ....SIN.  He loves all His creation and wants us wi‚Ä¶,0
RT @GovernorVA: I'm giving an update on Virginia's #COVID19 response at 2:00 PM. WATCH LIVE: https://t.co/QJygxjc43s,1
New research suggests that a widely used clot-busting stroke drug might help COVID-19 patients who can't access a ventilator or who fail to improve even when they do gain access. https://t.co/yEi3nXAVhI https://t.co/xFRgXNjBEA,1
"""We recommend #handwashing &amp; physical distancing, but we recognize this can be a practical challenge for those who lack access to clean üíß, or who live in cramped conditions""-@DrTedros #COVID19 #coronavirus",1
"RT @carmindabrendel: Proof the Coronavirus is a bioweapon created by DARPA, Bill Gates, Defra, Wellcome Trust (UK), and European Commission‚Ä¶",0
RT @D4publichealth: It is #NationalNutritionMonth and If you‚Äôre quarantined at home for the next couple of weeks from COVID-19 it‚Äôs importa‚Ä¶,1
"RT @NewstalkZB: #BREAKING Customs closes eGates as coronavirus travel ban kicks in

https://t.co/Eg15v8X1CT https://t.co/lxJaBA88QJ",0
"RT @_PeteCummings: @RepMarkMeadows @LeslieMurnie27 .@AP - ‚ÄúDemocrats distort the truth about Corona virus‚Äù.

https://t.co/QNmN5J4thv",1
"RT @WHO: Q: What can I do to protect myself from #coronavirus?

A: https://t.co/PKzKaO2yfK https://t.co/eNhlhR0PEq",1
WTF: Gates Foundation Sponsored Training for 'Fictional' Coronavirus Outbreak That Caused 65 Million Deaths Last Year https://t.co/Gac4Qs7idb,0
"RT @jxeker: everyone: we need a coronavirus vaccine NOW

doctors: https://t.co/6KpSgv4NsA",0
RT @1111Liberty: New evidence emerges: Coronavirus ‚Äúbioweapon‚Äù might have been a Chinese vaccine experiment gone wrong‚Ä¶ genes contain ‚ÄúpShu‚Ä¶,0
"RT @peterjonathanna: The coronavirus is mostly killing people by causing too much inflammation in their lungs.

If you get the coronavirus,‚Ä¶",0
"Bioweapons Expert Exposes Coronavirus as Weapon of War
via https://t.co/4pyjkbmHnF

@BANNEDdotVIDEO
 https://t.co/6YijKusznK",0
".@ICMRDELHI Guidelines have also been issued for Private Sector Laboratories Intending to Initiate #COVID19 Testing.
 https://t.co/AKsggEa1us",1
"Current understanding is #COVID19 spreads mostly from person to person through respiratory droplets produced when a person coughs or sneezes, similar to how flu spreads. Learn more at https://t.co/VvIzx7O3mM https://t.co/MiHHHyCfTa",1
"Nobody on earth actually knows if this is correct. Nobody. The Q2 could be much, much worse with scores of companies warning or withdrawing guidance altogether given the fact that nobody knows how the reopenings will go or what the virus will do. https://t.co/NKaFEA5CZ6",1
RT @ferdiriva: Killer coronavirus could be spread through the EYES https://t.co/zTr4XyWm8i,0
3D Anatomic Modeling Lab prints 3D model of virus that causes #COVID19. #Radiology https://t.co/8jFl24kthR https://t.co/5OtmcYBP3w,1
"I mean Trump's right in a way. If you do inject yourself with Dettol, it's very unlikely that Covid will kill you. https://t.co/dcD7p64aHW",0
"RT @WHO: @DrTedros Reduce your risk of #coronavirus infection
https://t.co/PKzKaO2yfK https://t.co/bLmr4z3y1t",1
"RT @Ian56789: Judges demand answers after children die in controversial Bill Gates funded cancer vaccine trial in India
https://t.co/6GHvM4‚Ä¶",0
"On the #MayoClinic Q&amp;A podcast, Dr. Philippe Bauer, site principal investigator for Mayo Clinic in Rochester, discusses the #COVID19 convalescent plasma program.
https://t.co/Hcgx8PgBxU",1
"#IndiaFightsCorona:

Insurance scheme for health workers fighting #COVID19 under the Pradhan Mantri Garib Kalyan Yojana (#PMGKY)

https://t.co/3EOSkXQByM

#CoronaOutbreak #Lockdown2 #HealthForAll 
@PMOIndia @drharshvardhan @AshwiniKChoubey @PIB_India @mygovindia @COVIDNewsByMIB",1
"@ContextFall @Donnajcherold @ONgov Hi there - We are actively recruiting health professionals, including those who have experience in fields that support the healthcare system, to volunteer their time to alleviate the strain on hospitals, clinics and assessment centres during the current COVID-19 outbreak. (1/3)",1
Researchers at Cambridge University wanted to know which of our cells and organs are most vulnerable to infection so they looked for the ones that make it easiest for the virus to latch on and get replicating https://t.co/6OJK0oSu2W,1
RT @paulpogba: #Dab to beat #coronavirus. Follow @WHO advice to Be Ready for #COVID19 https://t.co/Ej0FqcHbj5 https://t.co/4DhQ7NsZYk,1
"RT @Bulldog665: Coronavirus - Far-right QAnon conspiracy theorists claim drinking bleach can help cure deadly bug, AIDS and autism https://‚Ä¶",0
"Comparisons of COVID-19 totals to common causes of deaths leaves out context.

‚õìÔ∏è: https://t.co/ycFW9eS2G9",1
"Gaga: And I‚Äôm proud to announce that we have developed a vaccine against COVID!
üö¨s: Well it‚Äôs no fame monster...",0
RT @davidicke: Big Pharma whistleblower: ‚Äò97% of corona vaccine recipients will become infertile‚Äô https://t.co/ITOKuaLU9M,0
RT @WatcherDead: Since the MSM is bashing people for discovering that Bill Gates predicted the Corona Virus and trying to pin it on Q peopl‚Ä¶,0
"Today at 2:30 @SecretaryLevine will provide an update on #COVID19 and discuss the department‚Äôs efforts to mitigate the spread in Pennsylvania.

‚ñ∂Ô∏è Watch LIVE: https://t.co/jEuwHfDKNQ https://t.co/6ZsO8lHXsf",1
"RT @FernandoAmandi: Israeli scientists are on the cusp of developing the first vaccine against the coronavirus, according to Science &amp; Tech‚Ä¶",0
RT @ForeignPolicy: The Bacillus Calmette-Gu√©rin (BCG) vaccine seems to protect against respiratory diseases. Could it shield health care wo‚Ä¶,0
RT @Independent: UK ploughs ¬£20m into coronavirus vaccine search as Hong Kong doctors demand closure of border with China - follow live htt‚Ä¶,0
RT @BT_India: $20 trillion lawsuit against China! US group says coronavirus is bioweapon | @subloltern https://t.co/k2XEppmWeu,0
".@DrTedros calls on @g20org to Fight, Unite, and Ignite against #COVID19 üëâhttps://t.co/JlSYDnkoLm #coronavirus",1
"Testing Recommendation for Corona Virus Disease (COVID-19)

https://t.co/fu2lqGxQFM",1
"""The Global Polio Eradication Initiative is working to ensure that once it is safe to do so, countries can be supported to rapidly restart polio vaccination campaigns. 
While all our energy may be focused on #COVID19 now, our commitment to #EndPolio is unshakeable""-@DrTedros",1
"Messages stating that @TheWestinMumbai &amp; @thefattybaomum, two #Mumbai based restaurants have confirmed cases of #COVID19 among their staff members is false. Speaking to BOOM, both the organisations have denied these rumours. #FakeNews #CoronavirusFacts 

https://t.co/JvvQS2fiJx",1
"Bill Gates, Coronavirus, and the Mark of the Beast https://t.co/uklkSPVjSi via @YouTube",0
RT @PHE_uk: We've published new #COVID19 guidance for employers and businesses on providing advice to their staff: https://t.co/26kLS2w0bA,1
#AskWHO about breastfeeding during #COVID19 https://t.co/7CPwA7YmFl,1
"@DrDenaGrayson Prepare now 10-14 days food and water,wear gloves/mask and dispose outside.leave mail and shoes outside.filter and masks can be microwaved outside to kill #Coronavirus 10sec/rest/repeat 3times then dry OR use chlorine/bleach bath and strain then dry.chlorine spray disinfectant.üôè",0
"A meme with the false claim that ‚Äú[t]he US is charging over $3,000 per test‚Äù for patients who may have COVID-19 has been circulating on social media. For now, the two agencies authorized to test for the illness are not billing patients. https://t.co/bj9VSegRjQ #CoronaVirusFacts",1
"@WHO on how to protect yourself from the Coronavirus. Research on their site and @CDCgov  for accurate information. Not the fake news panic crap

https://t.co/l74zpNuylg",1
"False claim saying 300 #Sadhus tested Covid positive due to sharing #Chillum viral.
Viral - Amidst this #pandemic, a news of 300 Sadhu's testing #Covid positive in Jaipur after sharing a chillum with an infected person has swept social media. https://t.co/Fdk82MHiaJ https://t.co/CQRtAKkfsF",1
"RT @Sparkymannz: @GeoffsNZViews Coronavirus is a live vaccine used when treating infectious bronchitis in poultry.
The last time they had a‚Ä¶",0
RT @ChristiAnne67: Researchers make strides in race to create coronavirus vaccine https://t.co/pAdJGrxbMh International teams accelerate ef‚Ä¶,0
RT @Ryanfc706: People who drank from the water hose as a kid are immune to Coronavirus.,0
"Deputy @CPHO_Canada Dr. Njoo, connects (virtually) with @TheSorryGirls for a quick game of #COVID19 Jeopardy. Check out the full video to learn more about Covid-19 and Canada‚Äôs response. https://t.co/yWmRJeXotm https://t.co/xksve5Ywxr",1
#Coronavirus Bioweapon ‚Äì How China Stole Coronavirus From Canada And Weaponized It https://t.co/Z4MVIvOTkc via @GreatGameIndia,0
"@next_china 

https://t.co/q3msIDuWO4

The Chinese government should drop blister-packed Tamiflu &amp; Kaletra (or generic) tablets from drones / helicopters onto the quarantined city streets [with drug interaction warnings].

#Wuhan #nCoV #WuhanPneumonia #coronavirus",0
Sweden‚Äôs foreign minister says there‚Äôs been a ‚Äúmisunderstanding‚Äù in the United States about her country‚Äôs Covid-19 policies ‚Äî which have been distinctly more liberal than the strict lockdowns instituted across much of the rest of Europe and North America https://t.co/5MwvUjsuBb,1
"Today‚Äôs #COVID19 in üá®üá¶ info and updates:

‚û°Ô∏è#GOC website on #coronavirus disease: https://t.co/PwqoGtOkNL
‚û°Ô∏èCOVID-19 Situational Awareness Dashboard: https://t.co/BhX8xDNLMM
‚û°Ô∏èPHAC Detailed Epidemiological Summary of COVID-19 in Canada report: https://t.co/ShnSU1JLpA https://t.co/KJ1WEAiKGn",1
"RT @dockaurG: What if I was to tell you that a drug to prevent, cure &amp; treat early #COVID19 already exists?

And what if I told you it is o‚Ä¶",0
"RT @KateShemirani: BLM! This vaccine, not safety tested, goes into your genetic material and changes you forever! It‚Äôs a kill shot. They wa‚Ä¶",0
Fauci says ‚Äòit will be when not if‚Äô for a COVID-19 vaccine https://t.co/FR6rl0xvBq https://t.co/nIKWgJmCg6,0
RT @rachellegrand14: if you‚Äôve had Oklahoma lake water in your mouth you‚Äôre immune to the coronavirus,0
"RT @WHOEMRO: #COVID19 Pandemic 

Older adults and people with underlying conditions,

Keep regular routines and schedules as much as possib‚Ä¶",1
"RT @CanadianPM: Watch live: Prime Minister Justin Trudeau addresses Canadians on the #COVID19 situation from Rideau Cottage, in Ottawa. htt‚Ä¶",1
RT @SGTreport: New post BREAKING: CEPI (funded by Gates) Grants INOVIO $9M To Develop Vaccine Against ... has been published on  - https://‚Ä¶,0
"The Honorable President of Azad Jammu &amp; Kashmir, Sardar Masood Khan visited the National Institute of Health. He appreciated the significant role of NIH in COVID-19 epidemic. https://t.co/KZ5ygNAFNi",1
"Rich and well-connected people across America have jumped at the chance to receive early blood-based antibody testing for COVID-19 to determine if they have previously been infected and might be carrying protective armor against a terrifying pandemic
https://t.co/vVoJPmCMMd",1
"RT @WHO: Q: What can I do to protect myself from #coronavirus?

A: https://t.co/PKzKaO2yfK https://t.co/eNhlhR0PEq",1
RT @samhsagov: SAMHSA recognizes the challenges posed by the #COVID19 situation and is providing guidance and resources to assist individua‚Ä¶,1
"RT @Nizam_Sulthan: Pls share this valuable information.

Garlic boiled water can be cure corona virus https://t.co/2L4Jnt7Xkl",0
"9/9 #TeamCanada exemplifies what it takes to get down the curve ‚Äì precision &amp; grit of an Olympian, a Can-do attitude &amp; a readiness to help others. To all Canadians who are helping in innumerable ways, Thank you ‚Äì merci. #WeWillGetThroughThis #cavabienaller #COVID19",1
RT @hollaa_backk: if you‚Äôve ever used a frat house bathroom you‚Äôre immune to the coronavirus,0
"Franklin Templeton Mutual Fund announced the closure of six fund schemes through a letter dated April 23. These schemes were all yield-based or debt-based, and impact assets worth ‚Çπ26,000 crores. #BOOMFactCheck #COVID19 #coronavirus @FTIIndia 

https://t.co/cdfN0nyLx7",1
"Thai Scientists may Have Found a Cure to the Coronavirus
#instabtc #blockchain #trx #ltc #investing #buyorders #bullrun #er20
https://t.co/kZ2AHWzrpg",0
"RT @gemmaod1: Indian scientists have found HIV virus-like insertions in #coronavirus, further indicating it is a bioweapon produced in a la‚Ä¶",0
RT @MattGertz: It would have been good if the drugs Fox News promoted to President Trump as a miracle cure for coronavirus had actually wor‚Ä¶,0
"Commemorating #Smallpox Eradication ‚Äì a legacy of hope, for #COVID19 and other diseases üëâ https://t.co/8n4pHnLazw

On 8 May 1980, the 33rd World Health Assembly officially declared: ‚ÄòThe world and all its peoples have won freedom from smallpox.'

https://t.co/7Lh3w9JHQB",1
RT @Jay_Piff: You anti vaccine niggas gone wish we had a vaccine for this coronavirus once this shit starts ripping us apart.,0
"""As of tomorrow, it will be three months since I declared a public health emergency of international concern over the outbreak of novel #coronavirus""-@DrTedros #COVID19 

https://t.co/JvKC0PTett",1
@AuntCunt The cure to the Corona Virus is Corona beer üç∫,0
"RT @AZKAYTE: What if...

The Wuhan Virus was actually unrestricted warfare on the world to destroy the US Economy with Bill Gates, WHO, CDC‚Ä¶",0
"Maharashtra is the state with the highest number of Covid-19 cases in India. Mumbai and Pune are one of the worst affected cities in the stated from the corona virus.

Claim: A post stating that Mumbai and Pune will be under military lockdown has been wi‚Ä¶ https://t.co/bF4yGAblmj",1
"RT @JNJNews: ""As soon as we learned of the risk of coronavirus, we at #JNJ started the preparation to make a vaccine.""‚ÄîPaul Stoffels, Vice‚Ä¶",0
"RT @Kittuadwani2: True worship can cure incurable diseases like Cancer, Aids, Corona virus etc.
Saint Rampal Ji Maharaj is the one who prov‚Ä¶",0
What's being done by Bill &amp; Melinda Gates to fight the coronavirus? https://t.co/Rrd7mK9k1c,0
"RT @LtGovHochulNY: Agree with @NYGovCuomo, #COVID19 showing signs of infecting our children is a parent‚Äôs worst nightmare. 

See the stats‚Ä¶",1
RT @NanditaShenoyNY: The Coronavirus response has me thinking that my concerns in 2016 that he would kill us all were not unfounded.,0
"@slaves_no_more You know this is for us.

https://t.co/BtlhCHmRQ9",1
Montreal and Toronto will be immune https://t.co/e3rQSJ8FSv,0
"Despite the hype around Chancellor Angela Merkel's handling of the COVID-19 pandemic, testing kits are still scarce, medical teams are overworked, and unemployed workers receive less compensation than in other European countries. https://t.co/WnM2fNfFOf",1
"RT @_atanas_: Researchers make strides in race to create coronavirus vaccine 

#Immunisation #Coronavirus #Vaccine 
https://t.co/bqNRkaXCWR",0
"RT @ABSCBNNews: Has the cure for #nCoV been discovered? 

Thailand sees apparent success treating the 2019-novel #coronavirus with drug coc‚Ä¶",0
"To support people with #disability, #HealthWorkers should: 
‚úÖ Ensure #COVID19 health care is accessible, affordable and inclusive
‚úÖ Deliver telehealth

üëâ https://t.co/EHftJVPWDt https://t.co/koSt8VatYh",1
"During a crisis, it can be hard to tell what information is trustworthy. Stay informed and help fight #misinformation. Download the Canada #COVID19 app today. https://t.co/9dd1p1dbMj https://t.co/dqtKPeA6VF",1
"Several photos showing hospital patients stranded in the middle of the street in Croatia after an earthquake, are being passed off as images from Italy. https://t.co/JSrC89lNHv

#BOOMFactCheck #FakeNews #coronavirus #CoronaVirusFacts #COVID19 #CoronavirusLockdown",1
"RT @Hayani: It is apparently the SAME way, Israel and Canada found their potential covid-19 vaccine. 

WE HAVE THE CAPACITY AND CAPABILITIE‚Ä¶",0
RT @WHO: @DrTedros The full briefing on #COVID19 by @DrTedros üëâ https://t.co/3jJTMCIjTt https://t.co/lnCaGcPR9g,1
"RT @WHO: Q: What can I do to protect myself from #coronavirus?

A: https://t.co/PKzKaO2yfK https://t.co/eNhlhR0PEq",1
"RT @carmindabrendel: Amazing coincidence: Coronavirus VACCINE just announced

Yuen says he based his new vaccine on a nasal spray influenza‚Ä¶",0
"@PaulGavigan4 @washingtonpost Do you keep posting pictures instead of links because you don't want people to read your sources?

This AP report says that Congress stopped Trump from cutting the CDC, so it's a distortion to say Trump cut it - he just asked to cut it. Weak.

https://t.co/Ru1hsXl7U6",1
"RT @firkey_: and stupids finding vaccine for coronavirus, my grandfather who came from wuhan 3 days ago just read this dua and now he's fin‚Ä¶",0
"RT @WHO: @DrTedros @Presidence_RDC @UN ""I‚Äôm glad to say that the WHO-led Joint Mission with üá®üá≥ on #COVID19 is moving forward. We expect the‚Ä¶",1
'The CDC is actually a vaccine company' ‚Äì Robert F. Kennedy Jr https://t.co/rD18ja3rjJ via @YouTube,0
"@a_r_j_u_n_e @Surgeon_General @waltmossberg One of China‚Äôs worst casualties was a doc who fought authoritarians‚Äô efforts to suppress bad news

What I see as worst here is our toxic political environment (100% credit to Trump&amp;Co) distracting us from the CDC‚Äôs fine insight/advice https://t.co/kEVM6GBGHk",1
RT @Acosta: CDC: Some Americans are misusing cleaning products ‚Äî including drinking them ‚Äî in effort to kill coronavirus https://t.co/Lt1gP‚Ä¶,0
"Depending on their health condition, people with #disability may have risks of developing more severe cases of #coronavirus because #COVID19 exacerbates existing health conditions, particularly related to respiratory functions, immune system, heart disease or diabetes. https://t.co/CuMbOcwrys",1
Last year‚Äôs video is viral claiming Police trying to contain Corona patients in China in Metro. https://t.co/0C53jd5wF0 https://t.co/mfOnWDtwUD,1
"RT @WHO: LIVE: One world, #TogetherAtHome! #COVID19 https://t.co/kHCdwCHKwf",1
"RT @WHO: LIVE: One world, #TogetherAtHome! #COVID19 https://t.co/kHCdwCHKwf",1
"RT @PIB_India: Here's how the Recovery Rate of #Covid19 cases has been on a continuous upwards climb, now more than 39.62%.

Deatils:üîΩ http‚Ä¶",1
@charlidamelio The coronavirus has already a vaccine being made and the virus cells can apparently be killed by high temperatures and alcohol consumption,0
RT @ABC7: #CORONAVIRUS BREAKTHROUGH? UC Riverside researchers help to identify crucial protein linked to potential vaccine https://t.co/FD2‚Ä¶,0
"A group of images have been going viral on social media, claiming that people in Italy have given up on money due to the ongoing severe COVID-19 pandemic. However, the story is false and misleading.  #Corona #coronavirus #COVID #COVID19 #currency #Italy #L https://t.co/lrmlEZjCzd https://t.co/TyYJtO4aA1",1
"RT @mamachell: Ok guys let‚Äôs talk about the #CoronaVirus step into my class yew dunce batz 

Required reading: https://t.co/1BbS6vU4py

#vl‚Ä¶",1
"RT @HaiderISF: Corona virus vaccine has been developed but it requires at least one year for tests before it is available for use, Hong Kon‚Ä¶",0
RT @PIB_India: A robust #COVID19 Surveillance System is closely monitoring over 9 lakh possibly infected people across the country; sample‚Ä¶,1
The single most important piece of advice health experts can give to help us stay safe from COVID-19 is this one: Wash your hands -- and studies have shown the vast majority of us are doing it wrong. https://t.co/gYF0g8aZwR https://t.co/7yanbz08QV,1
"RT @Julietknows1: Report: Vaccine, Successful Treatment for Coronavirus Still Many Months Away #coronarivirus #mondaythoughts ‚ù§Ô∏èüá∫üá∏#VoteRedT‚Ä¶",0
"All #COVID19 press conferences are available to watch on our Facebook page.

If you missed today's COVID-19 press conference, you can watch it anytime here: https://t.co/cP8oes7XS1",1
RT @CDCgov: Local healthcare systems are preparing for the possibility of a #COVID19 outbreak in your community. You can too. Develop a pla‚Ä¶,1
"RT @WHO: @DrTedros Reduce your risk of #coronavirus infection
https://t.co/PKzKaO2yfK https://t.co/bLmr4z3y1t",1
"RT @WHO: WHO‚Äôs #COVID19 response includes a practical manual on how to set up and manage treatment centres, which covers:
‚òëÔ∏èstructural desi‚Ä¶",1
"RT @DrAmalinaBakri: Yes, alcohol based hand sanitizer with at least 60% alcohol can kill coronavirus as it has an envelope coating around i‚Ä¶",0
Supreme Court denies Texas inmates' appeal in case over Covid-19 protections https://t.co/MauDIm6EfR https://t.co/OlLlm2P08X,1
RT @WHO: @DrTedros The full briefing on #COVID19 by @DrTedros üëâ https://t.co/3jJTMCIjTt https://t.co/lnCaGcPR9g,1
RT @carlzimmer: New on the @nytimes coronavirus vaccine tracker: Sinovac is testing an inactivated virus vaccine. They just announced an up‚Ä¶,0
"RT @ichaydon: I've been admitted into the 1st COVID-19 vaccine trial. 

I'm grateful for my health. For the 1000s of scientists who brought‚Ä¶",0
RT @ern_reconnet: Be Safe from #coronavirus infection visiting https://t.co/0xvn7ZLMH6 where you can find information and guidance from #WH‚Ä¶,1
"RT @_YvonneBurton: Bill Gates 'predicted' coronavirus as simulation suggests 65m could die https://t.co/64mwXU9S7m

and to think Bill Gates‚Ä¶",0
"RT @freezerohedge: Creator Of US BioWeapons Act Says Coronavirus Is Biological Warfare Weapon | #FreeZeroHedge 

https://t.co/IXuZEfHFbo",0
"Visited or transited through mainland China in the last 14 days? If you experience flu-like symptoms, call your GP, ED or HealthDirect on 1800 022 222. 

For up to date information on #NovelCoronavirus check the NSW Health website: https://t.co/YL3R1278ne

#coronavirus #COVID19 https://t.co/GHqaYHt9iv",1
RT @keywilliamss: So NONE of these Corona Virus cases have been black people?! LEMME FOUND OUT WE IMMUNE. It‚Äôs the least God can do after s‚Ä¶,0
"@AJA_Cortes @Cernovich There was a case in China in December 2019 so it's definitely plausible. 

https://t.co/AkpZLtU7ad",1
"The new #coronavirus disease Solidarity Response Fund will raise money from a wide range of donors to support the work of the WHO and partners to help countries respond to the #COVID19 pandemic.

More https://t.co/WV9i5bp2LP https://t.co/CHDGMC9ih1",1
RT @IcarusNextDoor: Onlyfans spreading amongst the tl babes like coronavirus.,0
"RT @dgolndrcon: @penpenchase This is from WHO. It might be of help. https://t.co/VrDIfyVvMk

A virus is not a cell, and it is not really ""a‚Ä¶",1
"Yo you literally cannot racialize or politicize coronavirus you are not only trying to argue basic quarantine protocol is systemically racist, you are ignoring basic geography. Heads up, unless you want the Spanish Flu (and that killed 5% of humans) part II shut the fuck up.",0
RT @DeepStateExpose: Bill Gates (The Patent holder of the corona virus) ‚Äòpredicted‚Äô how coronavirus-like pandemic could spread saying 33 MI‚Ä¶,0
"RT @Dinesh_Jat_: #NoMeat_NoCoronaVirus
All diseases are cured by the true devotion of Saint Rampal Ji Maharaj.  Whether it is AIDS cancer o‚Ä¶",0
RT @yergirlheidi: if u swam in lake erie when u were a child ur immune to coronavirus,0
"RT @Bunny12390413: Everyone Plz be careful with corona virus, prevention is better than cure üíúüåªüåªüíúüíúüíúüíú Take care yourself na ka P‚ÄôFern üíúüíúüíúüåªüåªüåª‚Ä¶",0
COVID-19 vaccine: experts call for injury compensation program https://t.co/gwveUVWMY9,0
RT @Mhanintsongo: Sbwl BREAKING NEWS:  vaccine and a cure for covid-19 has been found.  üò≠üò≠üò≠üò≠üò≠üò≠üò≠üò≠,0
"forget corona, the stink of men will kill me first",0
RT @littlestwayne: if u ever used the public restrooms on the beach u are immune to coronavirus,0
"A lengthy text post which purportedly contains advice on how to prevent infection from the novel coronavirus, COVID-19 falsely claims the advice was issued by a UK hospital to its medical staff. #CoronaVirusFacts #coronavirus #FakeNews #COVID19 @NHS 

https://t.co/psFcBYOL08",1
Get the latest updates about #COVID19 on our website: https://t.co/TVJ3KGWwJO #covid19MA https://t.co/h8psvVkGPG,1
The trope that ‚Äúpeople are so dumb they‚Äôre shunning Corona beer because they think it‚Äôs connected to the coronavirus‚Äù was too tempting for many news outlets to ignore. https://t.co/pkUjg1papE,1
"RT @Rani99539134: Prevent and get cure form dreadful Corona Virus by understanding the law of God.

#NoMeat_NoCoronaVirus https://t.co/byHf‚Ä¶",0
Bill Gates predicted a Coronavirus-like outbreak https://t.co/40OoKQjQvb via @MailOnline,0
"RT @WHO: Q: What can I do to protect myself from #coronavirus?

A: https://t.co/PKzKaO2yfK https://t.co/eNhlhR0PEq",1
"1/6 #COVID19 key concerns in üá®üá¶: Today #GOC released modelling #s that attempt to show how the epidemic might unfold over the coming months, based on our knowledge of how the virus behaves &amp; the potential impact of #publichealth measures. https://t.co/BUUgGexx3D",1
"Germany has been testing for COVID-19 on a greater scale than most countries: an estimated 120,000 tests a day. Now it's launching Europe first large-scale antibody testing, an attempt to get accurate infection and immunity data from across the country. https://t.co/faZMlxlVaW",1
"RT @CureVacAG: Today, we announced positive pre-clinical results at a low dose for our #mRNA based lead #vaccine candidate against the nove‚Ä¶",0
"RT @Lstedmanbryce: üö®üö® #Coronavirus Cure News? 

‚ÄúWe have started testing that vaccine in the laboratory and we‚Äôve been VERY EXCITED BY THE‚Ä¶",0
"A photo of protestors holding a banner saying ""We don't want Kashmir, give us hydroxychloroquine"" is being shared across multiple social media platforms, as the drug is being used to fight symptoms of COVID-19 worldwide. Claim: People of Pakistan holding‚Ä¶ https://t.co/drih9hmxrM",1
"""However, we‚Äôre here today to collectively reinforce the warning that #COVID19 threatens to undermine life-saving immunization services around the world""-@DrTedros #HealthForAll 

https://t.co/ktNZ4eckAS",1
@TweetsMillenia @zerohedge I suspect China sent in its troll army to report ZH‚Äôs nCoV bioweapon story as ‚Äúfake news‚Äù,0
RT @WHO: Media briefing on #COVID19 with @DrTedros. https://t.co/WC2ljICW8i,1
"#IndiaFightsCorona:

#AIIMS New Delhi is conducting several Webinars for capacity building for #COVID19. 
The schedule for ""Physicians Webinars on #COVID19 &amp; Pregnancy"" can be seen at https://t.co/cUaCwwOT5B

@PMOIndia @drharshvardhan @AshwiniKChoubey @PIB_India @COVIDNewsByMIB",1
Bill Gates: 'We're in big trouble' until the U.S. has better coronavirus testing https://t.co/16VfgbNSkT,0
"An additional nine cases of COVID-19 have been diagnosed since our last update, bringing the total to 3,042.

During that time, 6,899 people were tested, compared to 5,296 people in the 24 hours before. 

To read the full media release, visit: https://t.co/W5KhJI8NJI https://t.co/TUb78PbV3M",1
"RT @intheMatrixxx: We have the cures. 

California lab says it discovered coronavirus vaccine in 3 hours | Fox Business https://t.co/C7gnQl‚Ä¶",0
Help Cure Coronavirus with Your PC's Leftover Processing Power https://t.co/yIg65HBW4V,0
"Maj. Gen. Aamer Ikram updated Lt. Gen. Muhammad Afzal, Chairman NDMA on COVID-19 outbreak response by NIH, upon his visit to the institute. The Chairman praised the efforts of the entire team of NIH. https://t.co/DLgD5N5vdl",1
"IMPORTANT: ""It really will take all of us making these sacrifices to reduce spread of the virus and free up our health care system to care for those who need it the most."" -Dr. Ngozi Ezike",1
"RT @postandcourier: BREAKING: The 2020 @SpoletoFestival has been called off as a result of the spread of coronavirus.

https://t.co/NXZrHWd‚Ä¶",0
"In addition to the well-known breathing problems, blood clots are a significant danger for COVID-19 patients. @WebMD_BrendaG reports: https://t.co/B4lSp3w7vx https://t.co/uM3D2tLaWe",1
RT @DocRock1007: 41. Do you believe in coincidences? A #coronavirus deep dive: One of 4 Chinese laboratories engaged in bioweapons developm‚Ä¶,0
"#coronavirus China once this crisis is under control need to pull out all the stops on dealing with hygiene if it is true it started at a fish market the world is struggling to develop antibiotics never mind vaccines for viruses like this, hygiene is not rocket science",0
".@CDCgov, the apex health agency of USA revised its COVID-19 transmission guidelines stating that the virus SARS-CoV-2 transmits more easily through directly coming in contact with a positive patient rather than touching surfaces
#COVID19 #CoronaVirusFacts
https://t.co/LDPS3WZw3X",1
"RT @Svn__5: How CoronaVirus Spread ?? 

The Virus is Transmitted Between Humans in Droplets From COUGHING And SNEEZING And Touching Or SHAK‚Ä¶",0
RT @samhsagov: @wusa9 SAMHSA recognizes the challenges posed by the #COVID19 situation and is providing guidance and resources to assist in‚Ä¶,1
Important to know. https://t.co/XjeCO3mWk8,1
"RT @LegendaryEnergy: Just two weeks of Coronavirus media coverage and:

‚úÖ A new vaccine is on the way
‚úÖ Even staunch libertarians are calli‚Ä¶",0
"Updated info on #COVID19 in GA: There are now 5 confirmed cases of COVID-19 in Georgia ‚Äì three in Fulton County, 1 in Polk County (previously reported as Floyd County) and 1 in Cobb County. Read more: https://t.co/iUyDL1TizS",1
"RT @IdrishVijay: How CoronaVirus Spread ?? 

The Virus is Transmitted Between Humans in Droplets From COUGHING And SNEEZING And Touching Or‚Ä¶",0
"The latest emergency order from the State Health Officer, effective March 28 at 5 p.m., affecting the whole state, is available on our website: https://t.co/M16bQSDJxs. #COVID19 https://t.co/69W6DTlboA",1
RT @FirstSquawk: VACCINE READY FOR TEST: A GROUP OF TEXAS SCIENTISTS CLAIMS TO HAVE CREATED A VACCINE TO PREVENT THE CORONAVIRUS AND IT COU‚Ä¶,0
"Unlike ventilator allocation, provision of CPR to patients cannot be practically adjudicated by a hospital-level triage team. How does the surge of patients with Covid-19 complicate standard CPR practices, and how can we best design crisis standards for inpatient CPR? #COVID19",1
"Vaccine preventable diseases can impact anyone at any age. Speak with your healthcare provider about routine vaccine recommendations during the #COVID19 pandemic. Learn more: https://t.co/3aPCTK5ohB  
#VaccinesWork #NIAW2020 https://t.co/bykDk078s9",1
Those crazy preppers are starting to look bit saner now.   Read the vaccine is 12 to 18 month away....and shtf in China big time. At best you'll be donating canned food in a year time.... At worst youll be eating spam for a years time.,0
"RT @cybercentre_ca: There‚Äôs a lot of #COVID19 misinformation circulating online. Before interacting with online content, make sure you #Che‚Ä¶",1
"RT @ABSCBNNews: As we try to cope with the global outbreak of the #nCoV infection and until a vaccine against nCoV is developed, one of our‚Ä¶",0
Media briefing on #COVID19 with @DrTedros https://t.co/i9ibJwcq7Y,1
"coronavirus spreads through bad breath,cough,etc
.
eminem : i ain't breathing!",0
RT @VictorPopeJr: Streets saying we immune because we are the original people,0
"RT @KayBurley: ""To get the vaccine into human studies would be about ¬£1,500,000...to move it beyond that depends on how big the epidemic is‚Ä¶",0
"""A vaccine is still at least 18 months away. 

In the meantime, we recognize that there is an urgent need for therapeutics to treat patients &amp; save lives""-@DrTedros #COVID19 #coronavirus",1
RT @GovCanHealth: Buying groceries for your upcoming #Passover or #Easter meals? Help limit the spread of #COVID19 through #physicaldistanc‚Ä¶,1
"RT @PeterZeihan: Clearly, I am immune.  https://t.co/lpc4l7McTc",0
"RT @Real_Heena: #NoMeat_NoCoronaVirus
Doing devotion helps to cure diseases like AIDS or cancer.
In the same way, true devotion is also nec‚Ä¶",0
"RT @TomBollyky: So much to be done on communication re potential COVID19 vaccines

New poll: most Americans expect a vaccine in 2021 but on‚Ä¶",0
New report of 1st known transmission of SARS-CoV-2 in a US healthcare facility highlights quick action is essential. Early recognition &amp; isolation of confirmed or suspected #COVID19 patients &amp; use of PPE are critical to protecting healthcare personnel. https://t.co/GRhFPdO23i https://t.co/tHVqthArG6,1
"Older adults &amp; people with underlying health conditions are at a higher risk of developing severe forms of #COVID19 

During the outbreak, stay at least 1 meter away from othersüßç‚Äç‚ôÄÔ∏è‚ÜîÔ∏èüßç‚Äç‚ôÇÔ∏èand follow distancing measures issued by your local authority.

Protect yourself &amp; #StayHealthy https://t.co/a9smYqoEED",1
RT @Castro0Jay: Dominicans found a cure for corona virus üá©üá¥üá©üá¥üá©üá¥! https://t.co/4pgE4PMQOV,0
RT @WHO: @DrTedros The full briefing on #COVID19 by @DrTedros üëâ https://t.co/3jJTMCIjTt https://t.co/lnCaGcPR9g,1
"@LisaMei62 @Portiemom1 Who owns the patent on the coronavirus?

Open up the Gates.",0
"RT @OmPraka13082133: Sat bhakti cures diseases like AIDS or cancer. By the way, to avoid the corona virus, satbhakti is #NoMeat_NoCoronaVir‚Ä¶",0
"#NoMeat_NoCoronaVirus
True worship can cure incurable diseases like Cancer, Aids, Corona virus etc.
Saint Rampal Ji Maharaj is the one who provides true worship.
 https://t.co/a8QdaW0NjM",0
"RT @drharshvardhan: Watch me in conversation with Sh @GVLNRAO on steps being taken by @MoHFW_INDIA to combat #COVID19 crisis.

Time of webc‚Ä¶",1
.@VIDOInterVac to start working on a #vaccine for the #coronavirus. https://t.co/Y9j9wEBSNx https://t.co/m2vUKhANOG,0
"Wear. Wait. Wash. As North Carolina moves to ease some #COVID19 restrictions at the end of this week, the NC Department of Health and Human Services is asking people to remember these three things to continue to #SlowTheSpread of #COVID19. Learn more: https://t.co/FnN3YihGaH https://t.co/Jia8q5n0n4",1
"Actually according to the latest news people who took the SARS vaccine have a greater sensitivity to the coronavirus. That means the virus will wipe out the vaccinated population first. I would bet a yearly flu shot would be sensitizing, too. https://t.co/mHJ21kvqjL",0
Feb 27 Update: Canada‚Äôs 13th case of #COVID19 was confirmed today by the province of #Ontario. There are now six confirmed cases in Ontario and seven in #BritishColumbia. For the latest updates on Canada‚Äôs response: https://t.co/ihgjKQ5eQj #Coronavirus,1
@Asadpxki Nope ebola is still an epidemic especially in congo . They developed a vaccine but not everyone can access it,0
RT @CDCgov: Protect yourself and others from #COVID19 when out shopping. This video shows you how: https://t.co/qOJIH4fvzD. https://t.co/0d‚Ä¶,1
RT @9GAG: And don't forget to protect your eyes since the coronavirus can be spread by droplets. https://t.co/OowEPC7Sfs,0
"UPDATE:
IDPH reports 3,137 new cases of COVID-19 in Illinois, for a total of 56,055 across the state.
 
This includes a total of 2,457 deaths, of which 105 were reported since yesterday.",1
